{"aca_0001*asa_0001":24.51500701904297,"atcha_0001*atsha_0001":13.305651664733887,"atca_0001*atcha_0001":5.705714225769043,"_runtime":727,"atsha_0001*acha_0001":8.851710319519043,"asha_0001*atcha_0001":12.164514541625977,"epoch":201,"_timestamp":1.7707845107934668e+09,"atsa_0001*asa_0001":14.154330253601074,"atsha_0001*asha_0001":1.3955594301223755,"acha_0001*acha_0002":0.8181425929069519,"aca_0001*atca_0001":21.450109481811523,"atca_0001*atsa_0001":11.105392456054688,"_wandb":{"runtime":727},"acha_0001*atcha_0001":22.035293579101562,"aca_0001*atsa_0001":10.545358657836914,"atca_0001*asa_0001":3.0698254108428955,"train_loss":0.0010178977486211807,"test_loss":0.014519973824149929,"acha_0001*asha_0001":10.1585693359375,"atsa_0001*atsha_0001":3.4818692207336426,"_step":3414}