{"atcha_0001*atsha_0001":0.12099920958280563,"atca_0001*atsa_0001":0.06664279103279114,"_wandb":{"runtime":749},"atsha_0001*acha_0001":0.03618556261062622,"aca_0001*atsa_0001":0.09183841943740845,"test_loss":3.3674349573105573,"aca_0001*atca_0001":0.15235313773155212,"epoch":201,"acha_0001*asha_0001":0.04508081451058388,"_step":3414,"atca_0001*atcha_0001":0.062217071652412415,"atca_0001*asa_0001":0.11580400913953781,"acha_0001*acha_0002":0.023660236969590187,"atsha_0001*asha_0001":0.06550980359315872,"aca_0001*asa_0001":0.26582059264183044,"asha_0001*atcha_0001":0.06673573702573776,"_timestamp":1.7701750882377841e+09,"atsa_0001*asa_0001":0.17990761995315552,"train_loss":0.035128072261810306,"_runtime":749,"acha_0001*atcha_0001":0.10912621766328812,"atsa_0001*atsha_0001":0.04642524942755699}