{"acha_0001*acha_0002":0.008843149989843369,"atca_0001*asa_0001":0.2706047594547272,"atca_0001*atsa_0001":0.06791850179433823,"aca_0001*atsa_0001":0.032033633440732956,"atsha_0001*asha_0001":0.028303470462560654,"acha_0001*asha_0001":0.10703054070472717,"aca_0001*atca_0001":0.07216658443212509,"_runtime":774,"_wandb":{"runtime":774},"_timestamp":1.770179678338379e+09,"atcha_0001*atsha_0001":0.10263202339410782,"atsa_0001*asa_0001":0.33721113204956055,"test_loss":3.229108803614974,"train_loss":0.03637299324572087,"atca_0001*atcha_0001":0.07729663699865341,"atsha_0001*acha_0001":0.07966020703315735,"atsa_0001*atsha_0001":0.04840638116002083,"acha_0001*atcha_0001":0.17202751338481903,"epoch":201,"aca_0001*asa_0001":0.3401789367198944,"asha_0001*atcha_0001":0.08530820161104202,"_step":3414}