{"_wandb":{"runtime":2093},"epoch":201,"acha_0001*asha_0001":0.2800835072994232,"atca_0001*atcha_0001":0.16811825335025787,"aca_0001*atca_0001":0.031059399247169495,"acha_0001*acha_0002":0.03660847619175911,"atca_0001*atsa_0001":0.22313553094863892,"test_loss":1.1705545398125e+06,"_step":3414,"atcha_0001*atsha_0001":0.2779717743396759,"atca_0001*asa_0001":0.24890071153640747,"atsa_0001*asa_0001":0.026456469669938087,"_runtime":2093,"_timestamp":1.7676057163502777e+09,"acha_0001*atcha_0001":0.06001168116927147,"atsha_0001*acha_0001":0.2182403802871704,"atsa_0001*atsha_0001":0.11316125094890594,"aca_0001*atsa_0001":0.25287848711013794,"aca_0001*asa_0001":0.2786601483821869,"asha_0001*atcha_0001":0.3398117125034332,"train_loss":1.16943246975e+06,"atsha_0001*asha_0001":0.0618884451687336}