{"_timestamp":1.7707859447030878e+09,"acha_0001*acha_0002":0.3145804703235626,"test_loss":2.4051266656368973,"atcha_0001*atsha_0001":0.6763426661491394,"atsha_0001*acha_0001":3.0926623344421387,"atca_0001*atcha_0001":0.817748486995697,"atsha_0001*asha_0001":3.843660593032837,"aca_0001*atsa_0001":9.210229873657227,"train_loss":0.017756436713039874,"_step":3414,"aca_0001*asa_0001":19.559906005859375,"epoch":201,"acha_0001*asha_0001":6.792501926422119,"_wandb":{"runtime":723},"_runtime":723,"asha_0001*atcha_0001":3.6826248168945312,"aca_0001*atca_0001":8.738112449645996,"atsa_0001*asa_0001":10.457564353942871,"atca_0001*atsa_0001":0.5816116333007812,"acha_0001*atcha_0001":3.1103508472442627,"atsa_0001*atsha_0001":1.503497838973999,"atca_0001*asa_0001":10.936015129089355}