{"asha_0001*atcha_0001":0.23619088530540466,"atca_0001*atsa_0001":0.1566949188709259,"atsa_0001*atsha_0001":0.16725753247737885,"train_loss":0.03488662680983543,"acha_0001*asha_0001":0.062009796500205994,"_timestamp":1.770175843546635e+09,"atca_0001*asa_0001":0.035318635404109955,"atca_0001*atcha_0001":0.11210920661687851,"acha_0001*acha_0002":0.03878072276711464,"atsa_0001*asa_0001":0.1537582129240036,"_runtime":752,"aca_0001*atca_0001":0.10968410223722458,"_step":3414,"epoch":201,"_wandb":{"runtime":752},"test_loss":2.2646054711043835,"acha_0001*atcha_0001":0.2959967255592346,"atsha_0001*acha_0001":0.19694870710372925,"aca_0001*atsa_0001":0.06519605964422226,"aca_0001*asa_0001":0.11417431384325027,"atcha_0001*atsha_0001":0.10199820250272751,"atsha_0001*asha_0001":0.13641497492790222}