{"train_loss":0.0006626450638286769,"aca_0001*asa_0001":0.03970833122730255,"_runtime":1096,"_timestamp":1.7709611198032064e+09,"_step":1502,"atsha_0001*asha_0001":0.03965932875871658,"test_loss":0.002661505667027086,"acha_0001*acha_0002":0.0074682692065835,"_wandb":{"runtime":1096},"epoch":301}