{"aca_0001*atca_0001":0.004013496451079845,"asha_0001*atcha_0001":0.03317910432815552,"_timestamp":1.76760159545664e+09,"atcha_0001*atsha_0001":0.027215110138058662,"atsha_0001*acha_0001":0.021781599149107933,"atca_0001*atcha_0001":0.019962508231401443,"acha_0001*asha_0001":0.028981611132621765,"acha_0001*atcha_0001":0.00781631376594305,"atca_0001*atsa_0001":0.023992018774151802,"acha_0001*acha_0002":0.005456420127302408,"atsa_0001*asa_0001":0.0021072602830827236,"atsha_0001*asha_0001":0.00865925196558237,"_wandb":{"runtime":17},"atca_0001*asa_0001":0.023704595863819122,"aca_0001*atsa_0001":0.02776985615491867,"_runtime":17,"aca_0001*asa_0001":0.027577625587582588,"atsa_0001*atsha_0001":0.01650659739971161,"_step":14,"epoch":0}