{"_runtime":842,"atca_0001*atsa_0001":0.01953125,"aca_0001*asa_0001":0.07408853620290756,"atca_0001*atcha_0001":0.030795125290751457,"_wandb":{"runtime":842},"test_loss":0.003380564241320826,"atsha_0001*asha_0001":0.03328156843781471,"_timestamp":1.7701782041767414e+09,"acha_0001*acha_0002":0.018892131745815277,"atsha_0001*acha_0001":0.05014222860336304,"_step":3414,"train_loss":0.000892870374256745,"aca_0001*atsa_0001":0.053242530673742294,"atsa_0001*asa_0001":0.033821627497673035,"acha_0001*asha_0001":0.02359275333583355,"asha_0001*atcha_0001":0.02334640547633171,"atsa_0001*atsha_0001":0.025170767679810524,"aca_0001*atca_0001":0.06015849858522415,"acha_0001*atcha_0001":0.030380552634596825,"atcha_0001*atsha_0001":0.041026521474123,"atca_0001*asa_0001":0.03453834727406502,"epoch":201}