{"acha_0001*asha_0001":0.039962321519851685,"acha_0001*atcha_0001":0.05298842862248421,"atca_0001*atcha_0001":0.03727014735341072,"train_loss":0.0009271712126210332,"aca_0001*asa_0001":0.06318185478448868,"atsa_0001*atsha_0001":0.014492090791463852,"_wandb":{"runtime":964},"atsa_0001*asa_0001":0.03792380914092064,"aca_0001*atca_0001":0.03126334771513939,"atcha_0001*atsha_0001":0.047355059534311295,"aca_0001*atsa_0001":0.03145555779337883,"_runtime":964,"atsha_0001*asha_0001":0.01356326974928379,"acha_0001*acha_0002":0.013750260695815086,"atca_0001*atsa_0001":0.009169097989797592,"test_loss":0.004252344422624447,"atsha_0001*acha_0001":0.028780389577150345,"epoch":201,"_timestamp":1.7702776335030918e+09,"asha_0001*atcha_0001":0.047653019428253174,"_step":3414,"atca_0001*asa_0001":0.03447508439421654}