{"atsa_0001*atsha_0001":6.02241325378418,"atca_0001*asa_0001":7.106625080108643,"acha_0001*acha_0002":2.9346864223480225,"atcha_0001*atsha_0001":7.709082126617432,"_runtime":726,"aca_0001*atsa_0001":8.517936706542969,"aca_0001*atca_0001":10.791099548339844,"atsha_0001*acha_0001":11.72383975982666,"acha_0001*atcha_0001":4.059495449066162,"asha_0001*atcha_0001":2.9192326068878174,"acha_0001*asha_0001":6.817073345184326,"_step":3414,"atsha_0001*asha_0001":4.946376323699951,"atsa_0001*asa_0001":9.362861633300781,"train_loss":0.019753000013530253,"_wandb":{"runtime":726},"aca_0001*asa_0001":17.864152908325195,"_timestamp":1.7703614012222674e+09,"atca_0001*atcha_0001":3.9874179363250732,"epoch":201,"test_loss":1.7839620228279383,"atca_0001*atsa_0001":2.27604341506958}