{"acha_0001*asha_0001":0.032009899616241455,"aca_0001*atsa_0001":0.05958006903529167,"test_loss":0.00444359329645522,"_runtime":777,"_step":3414,"atcha_0001*atsha_0001":0.037050701677799225,"acha_0001*acha_0002":0.018138842657208443,"atsa_0001*asa_0001":0.0291285440325737,"aca_0001*asa_0001":0.07559750229120255,"atca_0001*atsa_0001":0.017268527299165726,"asha_0001*atcha_0001":0.018169213086366653,"train_loss":0.0009816481268499046,"_timestamp":1.7702750895233076e+09,"epoch":201,"acha_0001*atcha_0001":0.028340300545096397,"aca_0001*atca_0001":0.06294260919094086,"atsha_0001*asha_0001":0.02832399494946003,"atca_0001*atcha_0001":0.03011254593729973,"atsa_0001*atsha_0001":0.02111498825252056,"_wandb":{"runtime":777},"atsha_0001*acha_0001":0.05486704036593437,"atca_0001*asa_0001":0.032560523599386215}