{"_runtime":1093,"aca_0001*asa_0001":0.06361772865056992,"_timestamp":1.7709611064740229e+09,"_wandb":{"runtime":1093},"_step":1502,"acha_0001*acha_0002":0.04663277789950371,"acha_0001*asha_0001":0.06054871901869774,"test_loss":0.0019069649807643145,"epoch":301,"train_loss":0.0006592798854690045}