{"acha_0001*acha_0002":0.0448475107550621,"_runtime":857,"aca_0001*asa_0001":0.10994463413953781,"test_loss":2.434725871577859,"_timestamp":1.7708905176790442e+09,"epoch":201,"atsha_0001*asha_0001":0.03681265190243721,"train_loss":0.06272172832489013,"_step":1002,"_wandb":{"runtime":857}}