{"aca_0001*atca_0001":19.773073196411133,"test_loss":7.183960735384375,"_wandb":{"runtime":729},"asha_0001*atcha_0001":15.625654220581055,"atca_0001*atsa_0001":6.407042980194092,"epoch":201,"acha_0001*asha_0001":4.345269203186035,"_step":3414,"atca_0001*asa_0001":5.746756076812744,"atsha_0001*acha_0001":7.727600574493408,"atca_0001*atcha_0001":7.98134708404541,"aca_0001*asa_0001":25.44554328918457,"acha_0001*atcha_0001":19.968080520629883,"_runtime":729,"aca_0001*atsa_0001":13.39956283569336,"atsha_0001*asha_0001":3.391618251800537,"acha_0001*acha_0002":2.241004705429077,"atsa_0001*atsha_0001":2.1081340312957764,"atcha_0001*atsha_0001":12.268899917602539,"atsa_0001*asa_0001":12.138615608215332,"train_loss":0.030190400324761866,"_timestamp":1.7703614103105595e+09}