{"epoch":201,"_timestamp":1.770876449062915e+09,"acha_0001*asha_0001":0.23245058953762054,"train_loss":0.0788523799777031,"aca_0001*asa_0001":0.08534731715917587,"_wandb":{"runtime":741},"test_loss":2.2637351458221673,"_runtime":741,"_step":1002,"acha_0001*acha_0002":0.012770211324095726}