{"test_loss":2.633372840844095,"epoch":201,"atsa_0001*asa_0001":0.09779287129640579,"atsa_0001*atsha_0001":0.047239791601896286,"aca_0001*asa_0001":0.09124460071325302,"atsha_0001*asha_0001":0.02501220442354679,"_step":3414,"asha_0001*atcha_0001":0.059929437935352325,"acha_0001*atcha_0001":0.0630771666765213,"acha_0001*acha_0002":0.03782210126519203,"atsha_0001*acha_0001":0.09116094559431076,"_runtime":822,"atca_0001*asa_0001":0.12046997994184494,"aca_0001*atca_0001":0.06631283462047577,"_wandb":{"runtime":822},"_timestamp":1.7701781812478943e+09,"atca_0001*atcha_0001":0.11901248246431351,"atca_0001*atsa_0001":0.02918272092938423,"atcha_0001*atsha_0001":0.04873036965727806,"aca_0001*atsa_0001":0.041501034051179886,"acha_0001*asha_0001":0.10043887048959732,"train_loss":0.036228042110800746}