{"aca_0001*asa_0001":0.0928710401058197,"_step":3414,"atca_0001*asa_0001":0.023720620200037956,"acha_0001*asha_0001":0.03565456345677376,"atsha_0001*asha_0001":0.02611277811229229,"aca_0001*atca_0001":0.07473096251487732,"atcha_0001*atsha_0001":0.10249719768762589,"epoch":201,"_timestamp":1.770177356416498e+09,"asha_0001*atcha_0001":0.08545340597629547,"_wandb":{"runtime":755},"atca_0001*atcha_0001":0.0401935838162899,"aca_0001*atsa_0001":0.09317348152399063,"train_loss":0.03380466771125794,"acha_0001*atcha_0001":0.071509450674057,"atsha_0001*acha_0001":0.06078268215060234,"acha_0001*acha_0002":0.03744197264313698,"atsa_0001*asa_0001":0.1619357317686081,"_runtime":755,"atca_0001*atsa_0001":0.14464008808135986,"atsa_0001*atsha_0001":0.08269702643156052,"test_loss":2.366393177784979}