{"_runtime":1559,"acha_0001*atcha_0001":0.03603411465883255,"_step":3414,"epoch":201,"aca_0001*atca_0001":0.09693766385316849,"atsa_0001*atsha_0001":0.03869224712252617,"atsha_0001*acha_0001":0.08623246103525162,"test_loss":0.0010659045540378428,"atca_0001*atsa_0001":0.05817646160721779,"atca_0001*asa_0001":0.07343196123838425,"_wandb":{"runtime":1559},"train_loss":0.0006703067652415484,"acha_0001*asha_0001":0.06327082216739655,"asha_0001*atcha_0001":0.0758759081363678,"_timestamp":1.7696083156090727e+09,"acha_0001*acha_0002":0.01923062652349472,"atsa_0001*asa_0001":0.06821645051240921,"aca_0001*atsa_0001":0.09376255422830582,"aca_0001*asa_0001":0.08722690492868423,"atsha_0001*asha_0001":0.05004912614822388,"atcha_0001*atsha_0001":0.07571843266487122,"atca_0001*atcha_0001":0.05516659840941429}