{"_step":3414,"atsha_0001*acha_0001":0.05126720666885376,"aca_0001*atsa_0001":0.199830561876297,"_wandb":{"runtime":766},"asha_0001*atcha_0001":0.35870033502578735,"atsa_0001*asa_0001":0.3874480128288269,"atca_0001*atsa_0001":0.29336562752723694,"_timestamp":1.770176008985127e+09,"atsa_0001*atsha_0001":0.3027721643447876,"epoch":201,"atca_0001*atcha_0001":0.1117556244134903,"_runtime":766,"acha_0001*asha_0001":0.2338372766971588,"atca_0001*asa_0001":0.10225500166416168,"atcha_0001*atsha_0001":0.10279451310634613,"test_loss":8.741977403014898,"train_loss":2.7000901678064793e-08,"aca_0001*asa_0001":0.20173048973083496,"acha_0001*acha_0002":0.22681492567062378,"atsha_0001*asha_0001":0.2600151598453522,"acha_0001*atcha_0001":0.13091766834259033,"aca_0001*atca_0001":0.102515809237957}