{"atsa_0001*asa_0001":0.1285283863544464,"_timestamp":1.770179038770676e+09,"_runtime":678,"_wandb":{"runtime":678},"test_loss":4.057262707812711,"acha_0001*acha_0002":0.04462366923689842,"acha_0001*atcha_0001":0.06259148567914963,"atsa_0001*atsha_0001":0.056556377559900284,"aca_0001*atca_0001":0.08470800518989563,"atca_0001*asa_0001":0.15828749537467957,"atca_0001*atsa_0001":0.03463700786232948,"atca_0001*atcha_0001":0.15984630584716797,"epoch":241,"atsha_0001*asha_0001":0.0230683833360672,"asha_0001*atcha_0001":0.0826912596821785,"_step":3399,"aca_0001*atsa_0001":0.052896883338689804,"atcha_0001*atsha_0001":0.0728701502084732,"train_loss":0.0019814256909303366,"aca_0001*asa_0001":0.10441458225250244,"acha_0001*asha_0001":0.121541827917099,"atsha_0001*acha_0001":0.1135503277182579}