{"atsa_0001*atsha_0001":0.016500728204846382,"aca_0001*asa_0001":0.07180473953485489,"_wandb":{"runtime":770},"atsa_0001*asa_0001":0.06679890304803848,"_runtime":770,"acha_0001*atcha_0001":0.06202925741672516,"aca_0001*atca_0001":0.03652779385447502,"train_loss":0.0009872249672189355,"atca_0001*atsa_0001":0.014029060490429401,"_timestamp":1.7701797491723728e+09,"acha_0001*asha_0001":0.041538357734680176,"atsha_0001*acha_0001":0.042884744703769684,"atca_0001*atcha_0001":0.019629422575235367,"atcha_0001*atsha_0001":0.03214646875858307,"_step":3414,"asha_0001*atcha_0001":0.02479860745370388,"aca_0001*atsa_0001":0.031560782343149185,"test_loss":0.004480131007381715,"atca_0001*asa_0001":0.06137672811746597,"acha_0001*acha_0002":0.01148110069334507,"epoch":201,"atsha_0001*asha_0001":0.02822333201766014}