{"atcha_0001*atsha_0001":0.03829740732908249,"aca_0001*atsa_0001":0.06018177792429924,"acha_0001*atcha_0001":0.028829792514443398,"_wandb":{"runtime":781},"atca_0001*atcha_0001":0.030728276818990707,"test_loss":0.004428419155650772,"atsa_0001*asa_0001":0.02939791791141033,"aca_0001*atca_0001":0.06309276074171066,"atsha_0001*asha_0001":0.028124427422881126,"epoch":201,"atca_0001*asa_0001":0.0328475758433342,"atsha_0001*acha_0001":0.055291518568992615,"_timestamp":1.770275100731488e+09,"atca_0001*atsa_0001":0.017396625131368637,"acha_0001*acha_0002":0.018635623157024384,"acha_0001*asha_0001":0.03260260075330734,"train_loss":0.0009839729696977883,"aca_0001*asa_0001":0.07517985254526138,"asha_0001*atcha_0001":0.01773257739841938,"_step":3414,"_runtime":781,"atsa_0001*atsha_0001":0.020723210647702217}