{"_timestamp":1.7703599456949697e+09,"aca_0001*atsa_0001":10.575191497802734,"asha_0001*atcha_0001":8.812386512756348,"atca_0001*atcha_0001":3.500887155532837,"atsa_0001*asa_0001":23.64151954650879,"atsha_0001*asha_0001":0.8602445721626282,"epoch":201,"atsa_0001*atsha_0001":8.482294082641602,"aca_0001*asa_0001":34.11600112915039,"atca_0001*asa_0001":20.164682388305664,"test_loss":6.917994765649549,"acha_0001*acha_0002":0.29795241355895996,"_wandb":{"runtime":828},"atca_0001*atsa_0001":3.524385690689087,"aca_0001*atca_0001":14.099244117736816,"atsha_0001*acha_0001":13.382444381713867,"acha_0001*asha_0001":13.866714477539062,"train_loss":0.009365977477282286,"_step":3414,"acha_0001*atcha_0001":5.080005645751953,"atcha_0001*atsha_0001":8.363092422485352,"_runtime":828}