{"atca_0001*atsa_0001":0.05874817073345184,"_runtime":753,"atcha_0001*atsha_0001":0.08467421680688858,"acha_0001*asha_0001":0.05598011985421181,"epoch":201,"aca_0001*asa_0001":0.1336357146501541,"_step":3414,"acha_0001*acha_0002":0.036343347281217575,"atca_0001*atcha_0001":0.05947418138384819,"atsha_0001*asha_0001":0.09219080954790115,"acha_0001*atcha_0001":0.04204892739653587,"aca_0001*atsa_0001":0.06828958541154861,"_timestamp":1.770176599447099e+09,"_wandb":{"runtime":753},"train_loss":0.033863268479704854,"aca_0001*atca_0001":0.1139904037117958,"atca_0001*asa_0001":0.033843208104372025,"atsa_0001*asa_0001":0.08284105360507965,"atsha_0001*acha_0001":0.06468943506479263,"test_loss":2.715443586975336,"asha_0001*atcha_0001":0.03179457038640976,"atsa_0001*atsha_0001":0.08086031675338745}