{"atcha_0001*atsha_0001":0.10148735344409943,"acha_0001*asha_0001":0.016341015696525574,"acha_0001*atcha_0001":0.016341015696525574,"_wandb":{"runtime":601},"atsa_0001*atsha_0001":0.13688606023788452,"_timestamp":1.7701770145382736e+09,"aca_0001*atsa_0001":0.04555431008338928,"_step":3399,"atca_0001*asa_0001":0.05924121290445328,"atca_0001*atsa_0001":0.07604657113552094,"atsha_0001*asha_0001":0.12134550511837006,"epoch":351,"aca_0001*atca_0001":0.03075784258544445,"acha_0001*acha_0002":0.007307924795895815,"atsa_0001*asa_0001":0.1328699290752411,"_runtime":601,"test_loss":9.351802474975585,"atca_0001*atcha_0001":0.04133986309170723,"train_loss":0,"asha_0001*atcha_0001":0.02376079186797142,"aca_0001*asa_0001":0.08899051696062088,"atsha_0001*acha_0001":0.10687003284692764}