{"epoch":201,"_runtime":828,"acha_0001*acha_0002":0.01735803857445717,"atsha_0001*asha_0001":0.024682363495230675,"_step":1002,"aca_0001*asa_0001":0.018734512850642204,"_timestamp":1.7708945094736757e+09,"train_loss":0.0008376915615517646,"_wandb":{"runtime":828},"test_loss":0.0032752573903417214}