{"atca_0001*atcha_0001":0.02386404387652874,"acha_0001*acha_0002":0.0076193781569600105,"asha_0001*atcha_0001":0.03055710345506668,"aca_0001*atsa_0001":0.014700225554406643,"_timestamp":1.7676034194490597e+09,"_step":14,"aca_0001*atca_0001":0.0025195027701556683,"atcha_0001*atsha_0001":0.03205688297748566,"atca_0001*asa_0001":0.009583880193531513,"acha_0001*atcha_0001":0.009453949518501759,"epoch":0,"atsa_0001*atsha_0001":0.014399123378098011,"atca_0001*atsa_0001":0.012700006365776062,"acha_0001*asha_0001":0.022981660440564156,"_runtime":18,"aca_0001*asa_0001":0.011818776838481426,"_wandb":{"runtime":18},"atsa_0001*asa_0001":0.0057670958340168,"atsha_0001*acha_0001":0.023495284840464592,"atsha_0001*asha_0001":0.011149236932396889}