{"_runtime":790,"_timestamp":1.7708787311422446e+09,"_wandb":{"runtime":790},"acha_0001*asha_0001":0.0869908332824707,"acha_0001*acha_0002":0.015807045623660088,"train_loss":0.041533989906311033,"aca_0001*asa_0001":0.07538530975580215,"_step":1002,"epoch":201,"test_loss":1.9021558968350292}