{"aca_0001*asa_0001":0.452741801738739,"epoch":201,"acha_0001*acha_0002":0.10944472998380661,"acha_0001*asha_0001":0.17061640322208405,"_runtime":871,"test_loss":0.016662073753774168,"_step":1002,"train_loss":0.014591923955827951,"_wandb":{"runtime":871},"_timestamp":1.7708794487702441e+09}