{"aca_0001*asa_0001":21.106962203979492,"train_loss":0.020015837855637073,"_runtime":733,"acha_0001*acha_0002":0.3074357807636261,"_timestamp":1.7708749410606484e+09,"_wandb":{"runtime":733},"epoch":201,"acha_0001*asha_0001":5.91271448135376,"test_loss":4.295105740983039,"_step":1002}