{"test_loss":3.09098748164624,"epoch":201,"aca_0001*asa_0001":15.333775520324707,"train_loss":0.07447276252508163,"acha_0001*acha_0002":1.826350450515747,"acha_0001*asha_0001":1.2135493755340576,"_wandb":{"runtime":719},"_runtime":719,"_timestamp":1.7708763837746847e+09,"_step":1002}