{"_step":3414,"test_loss":8.768553649194539,"_timestamp":1.770174474332612e+09,"aca_0001*atca_0001":0.3320944309234619,"aca_0001*atsa_0001":0.08014954626560211,"asha_0001*atcha_0001":0.2776392996311188,"atcha_0001*atsha_0001":0.08445995301008224,"atsa_0001*asa_0001":0.34520620107650757,"atsha_0001*acha_0001":0.5839876532554626,"_wandb":{"runtime":761},"atca_0001*atcha_0001":0.050968702882528305,"atsa_0001*atsha_0001":0.2913235127925873,"atsha_0001*asha_0001":0.33292046189308167,"atca_0001*atsa_0001":0.26636356115341187,"acha_0001*atcha_0001":0.5268733501434326,"acha_0001*asha_0001":0.2530258297920227,"train_loss":2.0250676403321676e-08,"aca_0001*asa_0001":0.4121926724910736,"_runtime":761,"acha_0001*acha_0002":0.091192327439785,"atca_0001*asa_0001":0.08418852090835571,"epoch":201}