{"test_loss":0.0033760956717887895,"_wandb":{"runtime":763},"_timestamp":1.7708765093522422e+09,"train_loss":0.0009486975457984955,"_runtime":763,"aca_0001*asa_0001":0.08099105209112167,"acha_0001*acha_0002":0.00965359341353178,"acha_0001*asha_0001":0.023580748587846756,"epoch":201,"_step":1002}