{"test_loss":11.73401261138916,"aca_0001*asa_0001":0.368566632270813,"atca_0001*asa_0001":0.14216281473636627,"atsa_0001*atsha_0001":0.07255537062883377,"atca_0001*atsa_0001":0.07432147860527039,"_runtime":597,"atcha_0001*atsha_0001":0.22807282209396362,"_wandb":{"runtime":597},"train_loss":0,"aca_0001*atsa_0001":0.1533420830965042,"acha_0001*asha_0001":0.08997103571891785,"aca_0001*atca_0001":0.2273692488670349,"_step":3399,"acha_0001*acha_0002":0.03000447526574135,"epoch":401,"atsa_0001*asa_0001":0.21617132425308228,"atsha_0001*asha_0001":0.08226343989372253,"acha_0001*atcha_0001":0.3925732672214508,"atsha_0001*acha_0001":0.17022468149662018,"_timestamp":1.770176411432674e+09,"asha_0001*atcha_0001":0.3035963177680969,"atca_0001*atcha_0001":0.21923774480819702}