{"epoch":201,"acha_0001*asha_0001":3.4194092750549316,"aca_0001*asa_0001":21.489852905273438,"acha_0001*acha_0002":1.7098256349563599,"train_loss":0.15989083003997803,"test_loss":3.8330124096274374,"_step":1002,"_wandb":{"runtime":719},"_runtime":719,"_timestamp":1.7708778289085221e+09}