{"_wandb":{"runtime":1739},"atca_0001*asa_0001":8.087782859802246,"acha_0001*asha_0001":14.850534439086914,"_step":3399,"aca_0001*atsa_0001":15.668935775756836,"atca_0001*atcha_0001":9.95918083190918,"atsa_0001*asa_0001":1.9155287742614746,"asha_0001*atcha_0001":14.518606185913086,"train_loss":3.5166447864831697e-09,"acha_0001*acha_0002":1.5450440645217896,"atsha_0001*acha_0001":16.757991790771484,"atca_0001*atsa_0001":7.227141857147217,"_timestamp":1.7677955103080833e+09,"epoch":401,"acha_0001*atcha_0001":0.6446259617805481,"atcha_0001*atsha_0001":16.391170501708984,"_runtime":1739,"aca_0001*atca_0001":11.171093940734863,"atsha_0001*asha_0001":3.289600133895874,"test_loss":11.222859937191009,"aca_0001*asa_0001":15.27360725402832,"atsa_0001*atsha_0001":2.9383206367492676}