{"_timestamp":1.770892815855304e+09,"_wandb":{"runtime":765},"_step":1002,"atsha_0001*asha_0001":0.04607471078634262,"aca_0001*asa_0001":0.2006259709596634,"_runtime":765,"train_loss":0.09265069946646691,"test_loss":1.9069567920416595,"epoch":201,"acha_0001*acha_0002":0.015655487775802612}