{"train_loss":0.0008027182444930077,"acha_0001*asha_0001":0.03361568972468376,"_wandb":{"runtime":777},"_runtime":777,"aca_0001*asa_0001":0.091783806681633,"_timestamp":1.7708773299570482e+09,"acha_0001*acha_0002":0.010399287566542625,"test_loss":0.00355137940030545,"_step":1002,"epoch":201}