{"acha_0001*acha_0002":0.019136639311909676,"_runtime":733,"_wandb":{"runtime":733},"epoch":201,"acha_0001*asha_0001":0.11989069730043411,"train_loss":0.029934009321033954,"aca_0001*asa_0001":0.5983547568321228,"_timestamp":1.7708778840224135e+09,"test_loss":3.1216581800729037,"_step":1002}