{"epoch":201,"acha_0001*acha_0002":0.013533849269151688,"aca_0001*asa_0001":0.04091978073120117,"_step":1002,"train_loss":0.0008670774248894304,"acha_0001*asha_0001":0.013555302284657955,"test_loss":0.00362715387751814,"_wandb":{"runtime":775},"_runtime":775,"_timestamp":1.7708757696674228e+09}