{"epoch":201,"_runtime":2079,"_timestamp":1.7676736593630533e+09,"_step":3414,"atca_0001*atcha_0001":0.21197153627872467,"atsa_0001*atsha_0001":0.10881289839744568,"atca_0001*atsa_0001":0.19543302059173584,"atsha_0001*asha_0001":0.06346271187067032,"train_loss":119.27886723327637,"test_loss":289.651390045166,"_wandb":{"runtime":2079},"asha_0001*atcha_0001":0.34922096133232117,"atsha_0001*acha_0001":0.19748976826667786,"acha_0001*asha_0001":0.25668543577194214,"aca_0001*atsa_0001":0.22724191844463348,"atcha_0001*atsha_0001":0.2878100275993347,"atca_0001*asa_0001":0.23620276153087616,"aca_0001*atca_0001":0.05651980638504028,"acha_0001*atcha_0001":0.10608331859111786,"atsa_0001*asa_0001":0.0522223524749279,"acha_0001*acha_0002":0.0592431016266346,"aca_0001*asa_0001":0.2722412347793579}