{"atca_0001*atsa_0001":0.09510444849729538,"atsha_0001*acha_0001":0.1230870708823204,"aca_0001*atsa_0001":0.1444447785615921,"acha_0001*asha_0001":0.10808655619621277,"atca_0001*asa_0001":0.13947199285030365,"atsa_0001*asa_0001":0.08341297507286072,"atca_0001*atcha_0001":0.05215003341436386,"acha_0001*acha_0002":0.03864156827330589,"atcha_0001*atsha_0001":0.08338402956724167,"asha_0001*atcha_0001":0.11848406493663788,"_wandb":{"runtime":1592},"_timestamp":1.7696129431673717e+09,"aca_0001*atca_0001":0.12652133405208588,"acha_0001*atcha_0001":0.07861679047346115,"aca_0001*asa_0001":0.11339300125837326,"_runtime":1592,"test_loss":0.000824942129664123,"atsa_0001*atsha_0001":0.0816090926527977,"epoch":201,"_step":3414,"train_loss":0.0006832625311799347,"atsha_0001*asha_0001":0.0854058712720871}