{"_wandb":{"runtime":734},"epoch":201,"test_loss":0.06150884346629027,"aca_0001*asa_0001":23.14755630493164,"_step":1002,"_runtime":734,"_timestamp":1.7708771691376402e+09,"acha_0001*asha_0001":11.806599617004395,"train_loss":0.0010629791300743817,"acha_0001*acha_0002":0.42801520228385925}