{"atca_0001*atsa_0001":0.017867358401417732,"atsha_0001*asha_0001":0.026843814179301262,"aca_0001*atsa_0001":0.04908926784992218,"atsa_0001*atsha_0001":0.01296361442655325,"_step":3414,"epoch":201,"aca_0001*asa_0001":0.06912737339735031,"atca_0001*asa_0001":0.06397299468517303,"train_loss":0.0009313937739934773,"acha_0001*atcha_0001":0.059353042393922806,"_wandb":{"runtime":781},"acha_0001*acha_0002":0.014575011096894741,"_runtime":781,"atcha_0001*atsha_0001":0.044016461819410324,"atsa_0001*asa_0001":0.07367891073226929,"acha_0001*asha_0001":0.04196520894765854,"test_loss":0.00440110863384325,"asha_0001*atcha_0001":0.023172147572040558,"atca_0001*atcha_0001":0.034039456397295,"aca_0001*atca_0001":0.04666471853852272,"_timestamp":1.7702766670943754e+09,"atsha_0001*acha_0001":0.05085836723446846}