{"_timestamp":1.7708912889152944e+09,"test_loss":0.005006340456777252,"aca_0001*asa_0001":0.07915014773607254,"_wandb":{"runtime":764},"epoch":201,"acha_0001*acha_0002":0.019186409190297127,"atsha_0001*asha_0001":0.01593754068017006,"_step":1002,"train_loss":0.0009284230524208396,"_runtime":764}