{"acha_0001*acha_0002":0.006765823345631361,"test_loss":4.635681407872587,"_timestamp":1.7708920229633534e+09,"atsha_0001*asha_0001":0.05002440884709358,"_wandb":{"runtime":755},"epoch":201,"train_loss":0.009976546220481396,"aca_0001*asa_0001":0.0803040862083435,"_step":1002,"_runtime":755}