{"atsha_0001*asha_0001":0.03061799891293049,"aca_0001*asa_0001":0.08521312475204468,"test_loss":3.1582709652781484,"_timestamp":1.7708920481298633e+09,"epoch":201,"acha_0001*acha_0002":0.013174548745155334,"_wandb":{"runtime":764},"train_loss":0.0714204452931881,"_runtime":764,"_step":1002}