{"acha_0001*asha_0001":1.130143642425537,"_step":3414,"acha_0001*acha_0002":0.34960663318634033,"atcha_0001*atsha_0001":1.9492824077606201,"_runtime":1616,"aca_0001*asa_0001":1.0615557432174683,"acha_0001*atcha_0001":0.1420755833387375,"_timestamp":1.7696066815160825e+09,"aca_0001*atca_0001":1.5195375680923462,"train_loss":0.0049703434237744655,"atsha_0001*acha_0001":1.8893917798995972,"atsa_0001*asa_0001":0.948576033115387,"atca_0001*atsa_0001":0.4841918647289276,"_wandb":{"runtime":1616},"atsha_0001*asha_0001":0.7612935900688171,"atca_0001*atcha_0001":1.3568365573883057,"atca_0001*asa_0001":0.5027419328689575,"asha_0001*atcha_0001":1.1902903318405151,"epoch":201,"aca_0001*atsa_0001":1.9952354431152344,"test_loss":10.607603252845932,"atsa_0001*atsha_0001":0.1328555792570114}