{"_step":1502,"epoch":301,"_wandb":{"runtime":1115},"train_loss":0.0008117222324945032,"aca_0001*asa_0001":0.02666223607957363,"_timestamp":1.770961612898852e+09,"acha_0001*acha_0002":0.015648823231458664,"acha_0001*asha_0001":0.02244434505701065,"_runtime":1115,"test_loss":0.0021751367374090477}