{"acha_0001*atcha_0001":0.04241622984409332,"test_loss":0.0010543113780440763,"atca_0001*atsa_0001":0.05359373241662979,"epoch":201,"_step":3414,"acha_0001*asha_0001":0.06120654568076134,"train_loss":0.0006692861320916564,"atsa_0001*asa_0001":0.038008783012628555,"atca_0001*asa_0001":0.057288575917482376,"atcha_0001*atsha_0001":0.09378083050251007,"asha_0001*atcha_0001":0.09002600610256195,"atca_0001*atcha_0001":0.05483552813529968,"_wandb":{"runtime":1563},"_timestamp":1.7696114462744987e+09,"aca_0001*atca_0001":0.06730625033378601,"acha_0001*acha_0002":0.025098439306020737,"aca_0001*atsa_0001":0.07507870346307755,"aca_0001*asa_0001":0.04939400032162666,"atsha_0001*asha_0001":0.037407729774713516,"atsha_0001*acha_0001":0.07805993407964706,"atsa_0001*atsha_0001":0.03883294388651848,"_runtime":1563}