{"_timestamp":1.7678571497482407e+09,"atca_0001*asa_0001":4.715270042419434,"_runtime":1783,"aca_0001*atsa_0001":12.398748397827148,"atsa_0001*atsha_0001":0.8447034358978271,"test_loss":10.89776930809021,"atca_0001*atsa_0001":5.262428283691406,"_step":3414,"acha_0001*atcha_0001":0.34578588604927063,"_wandb":{"runtime":1783},"atsha_0001*acha_0001":14.046295166015625,"atcha_0001*atsha_0001":14.358168601989746,"epoch":201,"train_loss":1.0412044683549837e-07,"atca_0001*atcha_0001":8.3928804397583,"atsa_0001*asa_0001":0.5569523572921753,"aca_0001*atca_0001":7.170736789703369,"atsha_0001*asha_0001":2.6333022117614746,"acha_0001*acha_0002":0.8649146556854248,"aca_0001*asa_0001":11.844220161437988,"asha_0001*atcha_0001":11.745019912719727,"acha_0001*asha_0001":11.430042266845703}