{"test_loss":4.7985165805402215,"atsha_0001*asha_0001":4.347677230834961,"aca_0001*atca_0001":8.926575660705566,"train_loss":0.0028941513132303954,"_step":3414,"aca_0001*asa_0001":16.688621520996094,"_runtime":725,"acha_0001*atcha_0001":8.996931076049805,"atsa_0001*asa_0001":10.330392837524414,"_timestamp":1.7703606731174557e+09,"atsha_0001*acha_0001":0.6231784820556641,"atca_0001*atcha_0001":5.359708309173584,"atcha_0001*atsha_0001":8.489214897155762,"epoch":201,"acha_0001*acha_0002":0.3367654085159302,"asha_0001*atcha_0001":4.361098289489746,"acha_0001*asha_0001":4.921070575714111,"atsa_0001*atsha_0001":1.2067784070968628,"atca_0001*atsa_0001":2.328082323074341,"aca_0001*atsa_0001":6.610199928283691,"atca_0001*asa_0001":8.086326599121094,"_wandb":{"runtime":725}}