{"_runtime":1098,"acha_0001*acha_0002":0.021745311096310616,"epoch":301,"train_loss":0.000765343670733273,"_timestamp":1.7709655264405458e+09,"_wandb":{"runtime":1098},"_step":1502,"test_loss":0.0033769287631148473,"atsha_0001*asha_0001":0.023711824789643288,"aca_0001*asa_0001":0.08553601801395416}