{"_timestamp":1.7702772621118863e+09,"aca_0001*atsa_0001":0.04037114605307579,"atsa_0001*atsha_0001":0.04991944506764412,"atsha_0001*acha_0001":0.10808566212654114,"acha_0001*acha_0002":0.019036708399653435,"atca_0001*atsa_0001":0.08554821461439133,"train_loss":0.06060212263464928,"_step":3414,"test_loss":2.2643926743939518,"asha_0001*atcha_0001":0.11688600480556488,"atsha_0001*asha_0001":0.04526027292013168,"atca_0001*asa_0001":0.2760806381702423,"acha_0001*asha_0001":0.15294353663921356,"acha_0001*atcha_0001":0.25595998764038086,"aca_0001*atca_0001":0.11282995343208313,"atsa_0001*asa_0001":0.3612053692340851,"aca_0001*asa_0001":0.38726335763931274,"atcha_0001*atsha_0001":0.15504910051822662,"atca_0001*atcha_0001":0.11729731410741806,"_wandb":{"runtime":749},"epoch":201,"_runtime":749}