{"acha_0001*asha_0001":0.006176323629915714,"_step":1002,"aca_0001*asa_0001":0.05640441179275513,"epoch":201,"test_loss":4.3808792812917385,"train_loss":0.013600648742169142,"_wandb":{"runtime":761},"acha_0001*acha_0002":0.004784159827977419,"_runtime":761,"_timestamp":1.7708764987222044e+09}