{"epoch":201,"acha_0001*acha_0002":0.013531646691262722,"test_loss":4.930015969852364,"_step":1002,"acha_0001*asha_0001":0.27108362317085266,"train_loss":0.00020224520756164565,"_wandb":{"runtime":732},"aca_0001*asa_0001":2.2579476833343506,"_timestamp":1.7708771487964852e+09,"_runtime":732}