{"_timestamp":1.7703628754466696e+09,"train_loss":0.00025593929993920027,"aca_0001*atca_0001":11.49057388305664,"atsha_0001*asha_0001":4.598144054412842,"aca_0001*atsa_0001":9.535849571228027,"atsa_0001*atsha_0001":2.136697292327881,"_step":3414,"test_loss":9.856551832274942,"atsa_0001*asa_0001":9.968942642211914,"acha_0001*asha_0001":4.712028980255127,"atca_0001*atsa_0001":1.97685968875885,"atcha_0001*atsha_0001":8.406846046447754,"atca_0001*atcha_0001":4.462849140167236,"_runtime":730,"acha_0001*atcha_0001":8.447762489318848,"atca_0001*asa_0001":8.147102355957031,"asha_0001*atcha_0001":3.8771533966064453,"epoch":201,"aca_0001*asa_0001":19.259618759155273,"atsha_0001*acha_0001":0.5475372672080994,"acha_0001*acha_0002":0.2200886756181717,"_wandb":{"runtime":730}}