{"test_loss":0.003928722855518572,"_timestamp":1.7708802045106056e+09,"aca_0001*asa_0001":2.410646915435791,"acha_0001*acha_0002":0.16305962204933167,"train_loss":0.0008504202447365969,"_wandb":{"runtime":753},"_runtime":753,"_step":1002,"epoch":201,"acha_0001*asha_0001":0.2940215468406677}