{"test_loss":4.9214907606046765,"atsha_0001*acha_0001":0.06823369860649109,"aca_0001*asa_0001":0.11113092303276062,"atsha_0001*asha_0001":0.03351758420467377,"aca_0001*atsa_0001":0.12920184433460236,"atsa_0001*asa_0001":0.2223433554172516,"_step":3399,"_timestamp":1.7701783578796544e+09,"train_loss":0.00019343723985366522,"_wandb":{"runtime":650},"_runtime":650,"aca_0001*atca_0001":0.09445939213037491,"asha_0001*atcha_0001":0.1097058355808258,"atcha_0001*atsha_0001":0.1379755288362503,"acha_0001*atcha_0001":0.0961802527308464,"acha_0001*acha_0002":0.058740053325891495,"atca_0001*asa_0001":0.022902419790625572,"acha_0001*asha_0001":0.03726325184106827,"atsa_0001*atsha_0001":0.11258033663034439,"atca_0001*atcha_0001":0.04415099322795868,"atca_0001*atsa_0001":0.20680080354213715,"epoch":271}