{"_runtime":1104,"test_loss":0.0023747788233449683,"acha_0001*acha_0002":0.013015237636864185,"train_loss":0.0006592757494654506,"aca_0001*asa_0001":0.030558932572603226,"epoch":301,"_wandb":{"runtime":1104},"_timestamp":1.7709633310446758e+09,"atsha_0001*asha_0001":0.026206765323877335,"_step":1502}