{"_step":1002,"aca_0001*asa_0001":0.028405947610735893,"_wandb":{"runtime":783},"train_loss":0.0008655008107889444,"_runtime":783,"_timestamp":1.7708921038955407e+09,"test_loss":0.004308348223450594,"epoch":201,"acha_0001*acha_0002":0.009214489720761776,"atsha_0001*asha_0001":0.012169131077826023}