{"atsa_0001*asa_0001":4.078551292419434,"atsha_0001*asha_0001":15.15283203125,"_step":3414,"_wandb":{"runtime":1524},"atca_0001*atcha_0001":7.013911724090576,"_runtime":1524,"atca_0001*asa_0001":7.952147006988525,"aca_0001*asa_0001":9.677511215209961,"aca_0001*atca_0001":17.623193740844727,"aca_0001*atsa_0001":13.75212574005127,"_timestamp":1.769611292937282e+09,"atcha_0001*atsha_0001":8.487159729003906,"acha_0001*acha_0002":0.10832362622022629,"atca_0001*atsa_0001":3.873629331588745,"acha_0001*atcha_0001":12.255575180053711,"train_loss":6.705521737870868e-11,"acha_0001*asha_0001":5.561005592346191,"atsa_0001*atsha_0001":5.353967189788818,"atsha_0001*acha_0001":20.686988830566406,"test_loss":10.388219564437867,"asha_0001*atcha_0001":6.697467803955078,"epoch":201}