{"train_loss":0.005608793830499053,"_timestamp":1.7708788432505271e+09,"aca_0001*asa_0001":0.10812094807624817,"_runtime":815,"_step":1002,"_wandb":{"runtime":815},"test_loss":2.741508955230005,"epoch":201,"acha_0001*acha_0002":0.0078125,"acha_0001*asha_0001":0.023478154093027115}