{"epoch":0,"aca_0001*atsa_0001":0.038053058087825775,"acha_0001*asha_0001":0.024475326761603355,"atsa_0001*atsha_0001":0.03154047578573227,"_step":14,"atsa_0001*asa_0001":0.01230672188103199,"atca_0001*atsa_0001":0.03536301478743553,"atca_0001*asa_0001":0.047065190970897675,"aca_0001*asa_0001":0.049523551017045975,"acha_0001*atcha_0001":0.0047072311863303185,"aca_0001*atca_0001":0.003626330755650997,"_timestamp":1.76779715100774e+09,"atsha_0001*asha_0001":0.013550354167819023,"atsha_0001*acha_0001":0.014848487451672554,"atcha_0001*atsha_0001":0.018908293917775154,"acha_0001*acha_0002":0.003963057417422533,"_wandb":{"runtime":16},"atca_0001*atcha_0001":0.012575316242873669,"_runtime":16,"asha_0001*atcha_0001":0.027224142104387283}