{"train_loss":0.002772255030926317,"atca_0001*atsa_0001":3.255460500717163,"aca_0001*atca_0001":9.874988555908203,"acha_0001*acha_0002":0.9019970297813416,"atsa_0001*atsha_0001":0.3495166301727295,"atsha_0001*asha_0001":5.2443671226501465,"atcha_0001*atsha_0001":1.2517199516296387,"atca_0001*asa_0001":14.967159271240234,"aca_0001*asa_0001":24.589998245239258,"epoch":201,"_runtime":730,"_timestamp":1.770786690710458e+09,"_step":3414,"acha_0001*asha_0001":5.401766300201416,"acha_0001*atcha_0001":1.4187380075454712,"aca_0001*atsa_0001":6.630390167236328,"asha_0001*atcha_0001":4.073007106781006,"_wandb":{"runtime":730},"atsha_0001*acha_0001":0.257842093706131,"atca_0001*atcha_0001":2.3591582775115967,"test_loss":10.372866331607568,"atsa_0001*asa_0001":18.153196334838867}