{"epoch":201,"test_loss":0.0035754970082780345,"_step":1002,"train_loss":0.0009660007560160011,"atsha_0001*asha_0001":0.025505686178803444,"_timestamp":1.770894373041898e+09,"_runtime":777,"aca_0001*asa_0001":0.0651489645242691,"_wandb":{"runtime":777},"acha_0001*acha_0002":0.01291870791465044}