{"acha_0001*asha_0001":0.03525106608867645,"atcha_0001*atsha_0001":0.09501305967569351,"acha_0001*acha_0002":0.040347516536712646,"atsha_0001*asha_0001":0.026094509288668633,"atsa_0001*asa_0001":0.15372098982334137,"_wandb":{"runtime":829},"epoch":201,"_runtime":829,"_step":3414,"_timestamp":1.770178147251957e+09,"aca_0001*asa_0001":0.08318570256233215,"atca_0001*atcha_0001":0.03314562886953354,"atsa_0001*atsha_0001":0.07915579527616501,"atca_0001*atsa_0001":0.14149713516235352,"aca_0001*atca_0001":0.06958992779254913,"aca_0001*atsa_0001":0.09584253281354904,"atsha_0001*acha_0001":0.059506241232156754,"acha_0001*atcha_0001":0.0691155195236206,"atca_0001*asa_0001":0.020669931545853615,"train_loss":0.03390505827963352,"test_loss":2.367369533509016,"asha_0001*atcha_0001":0.07628447562456131}