{"atcha_0001*atsha_0001":0.024425046518445015,"aca_0001*atsa_0001":0.06066059321165085,"atsha_0001*acha_0001":0.04324908182024956,"aca_0001*asa_0001":0.06705183535814285,"atca_0001*atcha_0001":0.018812695518136024,"epoch":201,"acha_0001*atcha_0001":0.03756792098283768,"atsa_0001*atsha_0001":0.04045558348298073,"atca_0001*asa_0001":0.029862849041819572,"atsha_0001*asha_0001":0.031831108033657074,"test_loss":0.003476717903162353,"aca_0001*atca_0001":0.050119489431381226,"train_loss":0.0009190665842033922,"acha_0001*asha_0001":0.025706743821501732,"asha_0001*atcha_0001":0.02116433158516884,"_step":3414,"_runtime":873,"_wandb":{"runtime":873},"atsa_0001*asa_0001":0.04146744683384895,"acha_0001*acha_0002":0.02034366875886917,"_timestamp":1.7702735373599463e+09,"atca_0001*atsa_0001":0.01784399151802063}