{"_wandb":{"runtime":827},"train_loss":0.034453786224126814,"_runtime":827,"atsha_0001*acha_0001":0.07591477781534195,"_timestamp":1.7701953017948382e+09,"atca_0001*atsa_0001":0.09563334286212921,"atca_0001*asa_0001":0.06816378235816956,"atsa_0001*atsha_0001":0.04393446072936058,"acha_0001*acha_0002":0.037947967648506165,"test_loss":2.3524403430372476,"asha_0001*atcha_0001":0.0759524554014206,"atsa_0001*asa_0001":0.16216818988323212,"aca_0001*atsa_0001":0.07655278593301773,"atcha_0001*atsha_0001":0.11983102560043335,"atca_0001*atcha_0001":0.06883899867534637,"acha_0001*asha_0001":0.04027654603123665,"acha_0001*atcha_0001":0.060892410576343536,"_step":3414,"aca_0001*asa_0001":0.10911747813224792,"atsha_0001*asha_0001":0.045133672654628754,"epoch":201,"aca_0001*atca_0001":0.05196009948849678}