{"aca_0001*asa_0001":0.050404250621795654,"test_loss":4.076592989435885,"acha_0001*acha_0002":0.01188039593398571,"_runtime":754,"epoch":201,"atsha_0001*asha_0001":0.03582800179719925,"_wandb":{"runtime":754},"_timestamp":1.770894294167508e+09,"train_loss":0.0021095426985993982,"_step":1002}