{"epoch":301,"_step":1502,"acha_0001*acha_0002":0.022380352020263672,"acha_0001*asha_0001":0.04167311266064644,"test_loss":0.002058282923302613,"_wandb":{"runtime":1103},"aca_0001*asa_0001":0.08006025850772858,"_timestamp":1.7709633141241183e+09,"train_loss":0.0006567289468366653,"_runtime":1103}