{"aca_0001*atsa_0001":0.06565521657466888,"atsha_0001*acha_0001":0.05964231118559837,"_runtime":747,"atsa_0001*asa_0001":0.07206740230321884,"_wandb":{"runtime":747},"atca_0001*asa_0001":0.03257974237203598,"atca_0001*atsa_0001":0.050790637731552124,"epoch":201,"_step":3414,"atsa_0001*atsha_0001":0.06589445471763611,"_timestamp":1.7702750096478884e+09,"test_loss":2.885017400279641,"aca_0001*asa_0001":0.09649702906608582,"acha_0001*acha_0002":0.0254093986004591,"acha_0001*asha_0001":0.10059067606925964,"atcha_0001*atsha_0001":0.05430249497294426,"aca_0001*atca_0001":0.07833833247423172,"acha_0001*atcha_0001":0.05927340313792229,"asha_0001*atcha_0001":0.04888668283820152,"train_loss":0.09008036801218987,"atsha_0001*asha_0001":0.08629187941551208,"atca_0001*atcha_0001":0.039907846599817276}