{"_step":3414,"train_loss":0.001005438108695671,"_timestamp":1.7707859735121205e+09,"aca_0001*atsa_0001":8.99173355102539,"_runtime":729,"atca_0001*atcha_0001":0.7399612069129944,"atca_0001*atsa_0001":0.45464202761650085,"_wandb":{"runtime":729},"atsha_0001*acha_0001":2.8246867656707764,"test_loss":0.09834733994631097,"acha_0001*acha_0002":0.3148774206638336,"atsa_0001*atsha_0001":1.4124537706375122,"aca_0001*atca_0001":8.609994888305664,"epoch":201,"acha_0001*atcha_0001":3.0034091472625732,"atca_0001*asa_0001":11.223297119140625,"atsa_0001*asa_0001":10.889031410217285,"aca_0001*asa_0001":19.752729415893555,"atsha_0001*asha_0001":3.7701637744903564,"atcha_0001*atsha_0001":0.6467292308807373,"acha_0001*asha_0001":6.495520114898682,"asha_0001*atcha_0001":3.4929685592651367}