{"_timestamp":1.7696128388274636e+09,"atcha_0001*atsha_0001":8.40754508972168,"asha_0001*atcha_0001":3.0370352268218994,"atca_0001*asa_0001":5.5769171714782715,"acha_0001*acha_0002":0.3652709424495697,"aca_0001*atsa_0001":12.013628959655762,"aca_0001*atca_0001":16.178680419921875,"atca_0001*atsa_0001":4.170285701751709,"atsha_0001*acha_0001":18.01002311706543,"epoch":201,"_runtime":1543,"atsha_0001*asha_0001":11.414539337158203,"acha_0001*atcha_0001":9.636213302612305,"_step":3414,"aca_0001*asa_0001":10.60697078704834,"atca_0001*atcha_0001":6.482602596282959,"test_loss":9.77759321975708,"_wandb":{"runtime":1543},"atsa_0001*asa_0001":1.4088084697723389,"train_loss":7.450580152834618e-12,"atsa_0001*atsha_0001":6.098057746887207,"acha_0001*asha_0001":6.603611946105957}