{"atsha_0001*acha_0001":16.711153030395508,"acha_0001*atcha_0001":11.991150856018066,"_runtime":844,"atca_0001*atcha_0001":4.289165496826172,"train_loss":0.0010683338546659798,"asha_0001*atcha_0001":0.6318714022636414,"test_loss":0.05883555310231168,"aca_0001*atsa_0001":13.797329902648926,"atca_0001*asa_0001":8.407669067382812,"acha_0001*asha_0001":11.573455810546875,"epoch":201,"_wandb":{"runtime":844},"atca_0001*atsa_0001":6.270666599273682,"atsa_0001*asa_0001":14.661096572875977,"_timestamp":1.7707837810873833e+09,"atcha_0001*atsha_0001":4.7462077140808105,"aca_0001*asa_0001":28.42490005493164,"acha_0001*acha_0002":0.1944904625415802,"atsha_0001*asha_0001":5.2218804359436035,"aca_0001*atca_0001":20.064208984375,"atsa_0001*atsha_0001":6.731592178344727,"_step":3414}