{"atsha_0001*acha_0001":0.3285084366798401,"_step":3414,"_wandb":{"runtime":766},"_runtime":766,"_timestamp":1.770176777227192e+09,"acha_0001*asha_0001":0.3277527689933777,"atsha_0001*asha_0001":0.024859223514795303,"train_loss":6.781517791409897e-08,"aca_0001*atca_0001":0.07023107260465622,"atsa_0001*atsha_0001":0.09421677142381668,"atca_0001*asa_0001":0.2529579699039459,"test_loss":9.050298215724528,"aca_0001*asa_0001":0.20632988214492798,"asha_0001*atcha_0001":0.2942938804626465,"acha_0001*atcha_0001":0.06382865458726883,"atca_0001*atcha_0001":0.3279505670070648,"acha_0001*acha_0002":0.14823175966739655,"atca_0001*atsa_0001":0.06343898922204971,"atcha_0001*atsha_0001":0.29345011711120605,"aca_0001*atsa_0001":0.12609384953975677,"atsa_0001*asa_0001":0.3073054552078247,"epoch":201}