{"acha_0001*acha_0002":0.5088706016540527,"train_loss":0.17332927167415618,"acha_0001*asha_0001":7.417209625244141,"atca_0001*atcha_0001":2.7024927139282227,"atsa_0001*atsha_0001":1.907286286354065,"atsha_0001*acha_0001":6.17168664932251,"atsa_0001*asa_0001":8.050576210021973,"epoch":201,"_runtime":726,"acha_0001*atcha_0001":12.923845291137695,"aca_0001*asa_0001":16.064695358276367,"_step":3414,"atca_0001*asa_0001":1.9386868476867676,"test_loss":3.6601087620854376,"asha_0001*atcha_0001":5.87028694152832,"atsha_0001*asha_0001":1.32210111618042,"aca_0001*atsa_0001":8.16716194152832,"_timestamp":1.7707844995842e+09,"_wandb":{"runtime":726},"atca_0001*atsa_0001":6.144659042358398,"atcha_0001*atsha_0001":6.890017986297607,"aca_0001*atca_0001":14.139863967895508}