{"aca_0001*atca_0001":14.295565605163574,"atcha_0001*atsha_0001":9.528966903686523,"acha_0001*acha_0002":0.16266143321990967,"aca_0001*atsa_0001":14.02889633178711,"acha_0001*atcha_0001":8.63038444519043,"aca_0001*asa_0001":3.933414936065674,"atsa_0001*atsha_0001":2.9644808769226074,"test_loss":9.922246761322022,"_step":3414,"atca_0001*asa_0001":10.362218856811523,"atca_0001*atcha_0001":6.873627185821533,"atsha_0001*asha_0001":11.11577033996582,"_wandb":{"runtime":1651},"atsha_0001*acha_0001":18.094959259033203,"atca_0001*atsa_0001":0.33294910192489624,"acha_0001*asha_0001":7.0257158279418945,"_timestamp":1.7696067161142883e+09,"train_loss":1.415610202393225e-10,"atsa_0001*asa_0001":10.095746994018555,"_runtime":1651,"epoch":201,"asha_0001*atcha_0001":1.6058073043823242}