{"acha_0001*acha_0002":0.3218688368797302,"train_loss":0.009876757446676493,"epoch":201,"test_loss":0.01621043376252055,"_wandb":{"runtime":735},"_runtime":735,"_step":1002,"aca_0001*asa_0001":20.92765998840332,"acha_0001*asha_0001":5.896757125854492,"_timestamp":1.770874957926922e+09}