{"acha_0001*asha_0001":0.10057171434164047,"test_loss":2.632798501558602,"asha_0001*atcha_0001":0.06010422855615616,"_runtime":791,"_step":3414,"acha_0001*atcha_0001":0.06318291276693344,"atca_0001*atsa_0001":0.02941058576107025,"atca_0001*atcha_0001":0.11951624602079391,"train_loss":0.03627221976220608,"epoch":201,"atca_0001*asa_0001":0.12105436623096466,"_timestamp":1.770196061656702e+09,"atsa_0001*asa_0001":0.09820160269737244,"atsha_0001*asha_0001":0.024859223514795303,"atsha_0001*acha_0001":0.09145339578390121,"acha_0001*acha_0002":0.03769581764936447,"aca_0001*atca_0001":0.06650670617818832,"aca_0001*asa_0001":0.09159927070140839,"aca_0001*atsa_0001":0.04144354537129402,"_wandb":{"runtime":791},"atcha_0001*atsha_0001":0.04902304708957672,"atsa_0001*atsha_0001":0.04707800969481468}