{"atsha_0001*asha_0001":5.242980480194092,"aca_0001*asa_0001":24.596235275268555,"atca_0001*atsa_0001":3.259859800338745,"_step":3414,"atca_0001*atcha_0001":2.374007225036621,"atsha_0001*acha_0001":0.2616312801837921,"acha_0001*asha_0001":5.4085259437561035,"_wandb":{"runtime":723},"aca_0001*atca_0001":9.888930320739746,"train_loss":0.002770227865781635,"_runtime":723,"atsa_0001*asa_0001":18.14934730529785,"atsa_0001*atsha_0001":0.3483468294143677,"acha_0001*atcha_0001":1.4141812324523926,"acha_0001*acha_0002":0.9018616676330566,"atcha_0001*atsha_0001":1.2399252653121948,"test_loss":10.377740901744458,"atca_0001*asa_0001":14.959099769592285,"_timestamp":1.7707866700017843e+09,"epoch":201,"aca_0001*atsa_0001":6.639792442321777,"asha_0001*atcha_0001":4.083059310913086}