{"aca_0001*asa_0001":0.1030968502163887,"_timestamp":1.7709644204060154e+09,"_step":1502,"_runtime":1104,"test_loss":0.002124787085922435,"_wandb":{"runtime":1104},"acha_0001*asha_0001":0.03852648288011551,"train_loss":0.0006595542374998331,"epoch":301,"acha_0001*acha_0002":0.026253916323184967}