{"epoch":201,"acha_0001*asha_0001":8.425745010375977,"train_loss":0,"atca_0001*asa_0001":4.868068218231201,"aca_0001*atsa_0001":13.065885543823242,"atsha_0001*asha_0001":9.9161376953125,"acha_0001*atcha_0001":9.220186233520508,"atsa_0001*atsha_0001":4.76637077331543,"test_loss":9.635096202850342,"atca_0001*atcha_0001":6.47910213470459,"asha_0001*atcha_0001":0.8375832438468933,"acha_0001*acha_0002":0.02923169918358326,"atcha_0001*atsha_0001":9.09463882446289,"_wandb":{"runtime":1522},"atsha_0001*acha_0001":18.287818908691406,"_step":3414,"atca_0001*atsa_0001":2.1479883193969727,"atsa_0001*asa_0001":2.7367358207702637,"aca_0001*atca_0001":15.213122367858887,"aca_0001*asa_0001":10.392359733581543,"_timestamp":1.769608240806944e+09,"_runtime":1522}