{"atcha_0001*atsha_0001":4.039102077484131,"epoch":201,"acha_0001*acha_0002":0.2605208158493042,"test_loss":0.014790124008781276,"atca_0001*atsa_0001":2.856816291809082,"atsha_0001*acha_0001":11.649188995361328,"train_loss":0.0010616533614229411,"atca_0001*asa_0001":5.63814640045166,"asha_0001*atcha_0001":1.688948392868042,"aca_0001*atca_0001":12.231160163879395,"atsa_0001*asa_0001":8.456229209899902,"_wandb":{"runtime":738},"acha_0001*atcha_0001":7.6713032722473145,"_timestamp":1.770362920406304e+09,"_step":3414,"acha_0001*asha_0001":6.031075954437256,"atca_0001*atcha_0001":1.0342124700546265,"aca_0001*atsa_0001":9.393945693969727,"atsha_0001*asha_0001":5.619503498077393,"atsa_0001*atsha_0001":5.905385971069336,"_runtime":738,"aca_0001*asa_0001":17.848224639892578}