{"acha_0001*acha_0002":0.038385242223739624,"_wandb":{"runtime":767},"_timestamp":1.7701936492603164e+09,"aca_0001*asa_0001":0.11458703130483627,"atsa_0001*asa_0001":0.153789222240448,"atca_0001*asa_0001":0.03529162332415581,"atca_0001*atsa_0001":0.15666449069976807,"aca_0001*atsa_0001":0.0647483766078949,"test_loss":2.264565378129482,"_runtime":767,"acha_0001*atcha_0001":0.29614490270614624,"acha_0001*asha_0001":0.061848100274801254,"asha_0001*atcha_0001":0.23648343980312347,"aca_0001*atca_0001":0.11012230813503265,"atca_0001*atcha_0001":0.11252102255821228,"atsa_0001*atsha_0001":0.167149156332016,"atsha_0001*acha_0001":0.1966167390346527,"train_loss":0.03489173080027103,"atcha_0001*atsha_0001":0.10247859358787537,"atsha_0001*asha_0001":0.13623309135437012,"_step":3414,"epoch":201}