{"train_loss":0.0008313463830854743,"acha_0001*acha_0002":0.013606322929263115,"_wandb":{"runtime":784},"_runtime":784,"_timestamp":1.7708936786374264e+09,"atsha_0001*asha_0001":0.013909589499235153,"epoch":201,"test_loss":0.003200838503544219,"aca_0001*asa_0001":0.08317136764526367,"_step":1002}