{"_wandb":{"runtime":893},"epoch":201,"acha_0001*asha_0001":8.528114318847656,"aca_0001*asa_0001":26.35391616821289,"acha_0001*atcha_0001":10.773829460144043,"acha_0001*acha_0002":1.4405697584152222,"atsa_0001*atsha_0001":0.961469292640686,"atcha_0001*atsha_0001":5.576336860656738,"aca_0001*atca_0001":11.136133193969727,"atsha_0001*acha_0001":5.2294769287109375,"test_loss":0.019888425777433442,"atca_0001*asa_0001":15.295623779296875,"asha_0001*atcha_0001":2.317739725112915,"atsha_0001*asha_0001":3.3433964252471924,"_runtime":893,"aca_0001*atsa_0001":7.462483882904053,"_timestamp":1.7707876480244405e+09,"atca_0001*atcha_0001":2.7994871139526367,"train_loss":0.0010457927498500794,"_step":3414,"atca_0001*atsa_0001":3.677372932434082,"atsa_0001*asa_0001":18.945261001586914}