{"epoch":201,"_step":1002,"acha_0001*acha_0002":0.046507347375154495,"_wandb":{"runtime":747},"_runtime":747,"aca_0001*asa_0001":2.2178738117218018,"_timestamp":1.7708817040441127e+09,"train_loss":0.0008473924361169338,"acha_0001*asha_0001":0.6161327958106995,"test_loss":0.012161637991433964}