{"acha_0001*asha_0001":0.20484082400798798,"acha_0001*acha_0002":0.06019143387675285,"_runtime":742,"_timestamp":1.7708779385101132e+09,"train_loss":0.05442649905383587,"_wandb":{"runtime":742},"aca_0001*asa_0001":0.10515179485082626,"_step":1002,"epoch":201,"test_loss":2.1432253065258267}