{"_runtime":734,"_timestamp":1.770875694457834e+09,"aca_0001*asa_0001":45.00718307495117,"acha_0001*acha_0002":2.1594913005828857,"test_loss":0.03668531298218295,"_wandb":{"runtime":734},"_step":1002,"epoch":201,"acha_0001*asha_0001":16.214187622070312,"train_loss":0.001029775391332805}