{"aca_0001*atca_0001":72.55838012695312,"_timestamp":1.7664734246582522e+09,"asha_0001*atcha_0001":477.7458801269531,"aca_0001*atsa_0001":298.38531494140625,"acha_0001*atcha_0001":135.40078735351562,"atca_0001*atsa_0001":231.8970947265625,"test_loss":29.20443461036682,"atsa_0001*atsha_0001":118.59259033203125,"atsha_0001*asha_0001":48.54250717163086,"atcha_0001*atsha_0001":441.0133361816406,"atca_0001*atcha_0001":332.56182861328125,"aca_0001*asa_0001":334.61431884765625,"epoch":201,"acha_0001*acha_0002":89.53176879882812,"train_loss":0.00044604072125628135,"atsa_0001*asa_0001":37.86323928833008,"_runtime":1695,"acha_0001*asha_0001":346.1383972167969,"_wandb":{"runtime":1695},"atsha_0001*acha_0001":307.3704528808594,"_step":3414,"atca_0001*asa_0001":269.095947265625}