{"epoch":301,"test_loss":0.0023229510714299975,"acha_0001*acha_0002":0.02249574102461338,"train_loss":0.0007212922780308873,"_step":1502,"_timestamp":1.7709660895033674e+09,"acha_0001*asha_0001":0.04537650942802429,"_runtime":1116,"_wandb":{"runtime":1116},"aca_0001*asa_0001":0.05535077676177025}