{"atsha_0001*asha_0001":0.06279683858156204,"_wandb":{"runtime":873},"asha_0001*atcha_0001":0.06498361378908157,"atsha_0001*acha_0001":0.03412383794784546,"aca_0001*atca_0001":0.15056490898132324,"atcha_0001*atsha_0001":0.1178165078163147,"atsa_0001*asa_0001":0.17908143997192383,"atca_0001*atsa_0001":0.06577131897211075,"_runtime":873,"train_loss":0.035152974784374236,"acha_0001*acha_0002":0.02286074124276638,"atca_0001*atcha_0001":0.061701443046331406,"aca_0001*atsa_0001":0.08901730179786682,"epoch":201,"atsa_0001*atsha_0001":0.042668070644140244,"test_loss":3.3662578520178794,"_timestamp":1.770192880067011e+09,"acha_0001*atcha_0001":0.10853471606969833,"atca_0001*asa_0001":0.11545760929584503,"acha_0001*asha_0001":0.0459711030125618,"aca_0001*asa_0001":0.26356515288352966,"_step":3414}