{"_timestamp":1.770179751832746e+09,"epoch":221,"atca_0001*atsa_0001":0.05707671493291855,"atsha_0001*acha_0001":0.08940748125314713,"acha_0001*acha_0002":0.008624766021966934,"atsha_0001*asha_0001":0.03618556261062622,"atca_0001*asa_0001":0.3213706910610199,"acha_0001*atcha_0001":0.17797566950321198,"asha_0001*atcha_0001":0.08053532987833023,"aca_0001*atca_0001":0.07612177729606628,"atsa_0001*atsha_0001":0.03358864039182663,"train_loss":0.009926744069904089,"_runtime":710,"_step":3399,"aca_0001*asa_0001":0.39503371715545654,"atca_0001*atcha_0001":0.06976102292537689,"_wandb":{"runtime":710},"acha_0001*asha_0001":0.12473651021718979,"aca_0001*atsa_0001":0.038397662341594696,"atsa_0001*asa_0001":0.3748575448989868,"test_loss":3.9508600514587013,"atcha_0001*atsha_0001":0.10065702348947525}