{"acha_0001*acha_0002":0.0027621358167380095,"train_loss":0.006217347821220755,"acha_0001*asha_0001":0.014418772421777248,"_wandb":{"runtime":757},"epoch":201,"test_loss":5.294274330000393,"aca_0001*asa_0001":0.043410371989011765,"_timestamp":1.770875734422137e+09,"_step":1002,"_runtime":757}