{"atcha_0001*atsha_0001":1.4395577907562256,"acha_0001*acha_0002":0.6642577648162842,"atsha_0001*asha_0001":2.463744640350342,"atca_0001*atsa_0001":6.360148906707764,"_runtime":840,"_timestamp":1.7703599577702386e+09,"atsa_0001*atsha_0001":4.505325794219971,"_wandb":{"runtime":840},"train_loss":0.0010595748196355998,"acha_0001*asha_0001":9.053308486938477,"atsha_0001*acha_0001":11.45711612701416,"aca_0001*asa_0001":20.490955352783203,"test_loss":0.04820879406714812,"aca_0001*atsa_0001":11.2765474319458,"acha_0001*atcha_0001":10.332982063293457,"asha_0001*atcha_0001":1.3148869276046753,"aca_0001*atca_0001":17.48246192932129,"atca_0001*atcha_0001":3.154395341873169,"atca_0001*asa_0001":3.0825486183166504,"_step":3414,"atsa_0001*asa_0001":9.43551254272461,"epoch":201}