{"acha_0001*acha_0002":0.00390625,"train_loss":0.021733685195446016,"_runtime":778,"test_loss":2.7898094571828844,"_timestamp":1.7708749752612767e+09,"_step":1002,"_wandb":{"runtime":778},"epoch":201,"acha_0001*asha_0001":0.006176323629915714,"aca_0001*asa_0001":0.03767051175236702}