{"asha_0001*atcha_0001":1.946547508239746,"_wandb":{"runtime":733},"_step":3414,"atca_0001*atsa_0001":2.3861448764801025,"train_loss":0.000988297183997929,"aca_0001*asa_0001":14.590592384338379,"acha_0001*asha_0001":3.2808430194854736,"atca_0001*asa_0001":6.100364685058594,"atsa_0001*asa_0001":8.469256401062012,"_timestamp":1.770362899540489e+09,"aca_0001*atsa_0001":6.216477394104004,"acha_0001*acha_0002":0.5113309621810913,"acha_0001*atcha_0001":1.4309196472167969,"atca_0001*atcha_0001":1.1567447185516357,"aca_0001*atca_0001":8.585464477539062,"atsa_0001*atsha_0001":3.149393320083618,"atsha_0001*asha_0001":0.21685844659805298,"atsha_0001*acha_0001":3.215449333190918,"_runtime":733,"atcha_0001*atsha_0001":1.8460699319839478,"test_loss":0.008236370960948989,"epoch":201}