{"acha_0001*acha_0002":0.026131032034754753,"train_loss":0.005507457522675395,"test_loss":3.8843799849878997,"aca_0001*asa_0001":0.053719814866781235,"epoch":201,"_timestamp":1.7708935375400062e+09,"_wandb":{"runtime":754},"atsha_0001*asha_0001":0.010874539613723755,"_step":1002,"_runtime":754}