{"atca_0001*asa_0001":27.276081085205078,"_runtime":722,"_timestamp":1.7707873949060934e+09,"atca_0001*atcha_0001":4.9873127937316895,"acha_0001*acha_0002":2.2574830055236816,"atcha_0001*atsha_0001":9.770092964172363,"acha_0001*asha_0001":14.776250839233398,"aca_0001*atsa_0001":12.789777755737305,"_step":3414,"atsha_0001*asha_0001":5.4139723777771,"_wandb":{"runtime":722},"train_loss":0.05228413285315037,"atca_0001*atsa_0001":6.590184211730957,"acha_0001*atcha_0001":19.121084213256836,"epoch":201,"aca_0001*asa_0001":46.64227294921875,"atsha_0001*acha_0001":9.379678726196289,"test_loss":7.823451210971922,"atsa_0001*asa_0001":33.85930252075195,"aca_0001*atca_0001":19.377962112426758,"asha_0001*atcha_0001":4.360095977783203,"atsa_0001*atsha_0001":1.8455698490142822}