{"epoch":301,"_runtime":1118,"aca_0001*asa_0001":0.0786781758069992,"acha_0001*acha_0002":0.014625022187829018,"acha_0001*asha_0001":0.020809318870306015,"_step":1502,"_wandb":{"runtime":1118},"_timestamp":1.7709627332268107e+09,"train_loss":0.0007224644306115806,"test_loss":0.0031505406552460044}