{"aca_0001*atsa_0001":18.902790069580078,"atsa_0001*asa_0001":10.295280456542969,"asha_0001*atcha_0001":3.3573532104492188,"atsha_0001*acha_0001":9.30809497833252,"acha_0001*asha_0001":10.485599517822266,"aca_0001*atca_0001":14.385979652404785,"_wandb":{"runtime":726},"acha_0001*atcha_0001":7.15191650390625,"atsha_0001*asha_0001":1.3303003311157227,"aca_0001*asa_0001":29.115413665771484,"epoch":201,"test_loss":4.173044497326017,"atca_0001*asa_0001":14.758943557739258,"acha_0001*acha_0002":1.3034969568252563,"atca_0001*atsa_0001":4.534400939941406,"atca_0001*atcha_0001":3.0966808795928955,"train_loss":0.00718938677944243,"atsa_0001*atsha_0001":5.347737789154053,"_runtime":726,"atcha_0001*atsha_0001":2.268038272857666,"_timestamp":1.7703635883438344e+09,"_step":3414}