{"_timestamp":1.770177547767522e+09,"_runtime":768,"atcha_0001*atsha_0001":0.059913523495197296,"acha_0001*asha_0001":0.17047101259231567,"epoch":201,"atca_0001*atsa_0001":0.13091766834259033,"atca_0001*atcha_0001":0.12538088858127594,"aca_0001*atsa_0001":0.1232946440577507,"aca_0001*asa_0001":0.6510589122772217,"_step":3414,"aca_0001*atca_0001":0.24915935099124908,"atca_0001*asa_0001":0.4076233208179474,"asha_0001*atcha_0001":0.17966626584529877,"atsha_0001*acha_0001":0.28498896956443787,"_wandb":{"runtime":768},"atsa_0001*atsha_0001":0.19461791217327118,"acha_0001*acha_0002":0.05981793999671936,"atsha_0001*asha_0001":0.1210779994726181,"test_loss":9.90293356077373,"train_loss":2.7120110415168595e-09,"atsa_0001*asa_0001":0.5342144966125488,"acha_0001*atcha_0001":0.34010183811187744}