{"_step":1002,"_timestamp":1.7708913178274841e+09,"atsha_0001*asha_0001":0.029280593618750572,"train_loss":0.0008511855299584567,"_wandb":{"runtime":781},"aca_0001*asa_0001":0.0633905827999115,"epoch":201,"test_loss":0.003067816978786141,"_runtime":781,"acha_0001*acha_0002":0.0073465644381940365}