{"aca_0001*atca_0001":0.9844897985458374,"acha_0001*atcha_0001":0.3749135136604309,"atsa_0001*asa_0001":0.3479359447956085,"aca_0001*asa_0001":1.006125807762146,"atsha_0001*asha_0001":0.566425621509552,"_step":3414,"train_loss":0.004543628841405734,"test_loss":10.018143065585347,"atsha_0001*acha_0001":1.6109987497329712,"epoch":201,"atsa_0001*atsha_0001":0.21188706159591675,"atca_0001*atsa_0001":0.4044867157936096,"acha_0001*asha_0001":1.1183222532272339,"acha_0001*acha_0002":0.23098541796207428,"aca_0001*atsa_0001":1.3430166244506836,"atca_0001*asa_0001":0.2279117852449417,"_timestamp":1.7696096623238494e+09,"asha_0001*atcha_0001":0.8099678158760071,"_wandb":{"runtime":1489},"atca_0001*atcha_0001":0.9136847257614136,"_runtime":1489,"atcha_0001*atsha_0001":1.257215976715088}