{"test_loss":0.31732160368317275,"acha_0001*acha_0002":1.6299200057983398,"_wandb":{"runtime":743},"_runtime":743,"aca_0001*asa_0001":36.89841842651367,"acha_0001*asha_0001":20.64936065673828,"epoch":201,"_timestamp":1.770878653201477e+09,"_step":1002,"train_loss":0.0010835193544626236}