{"_timestamp":1.7708771937020025e+09,"acha_0001*acha_0002":0.017686299979686737,"train_loss":0.04787729112803936,"_step":1002,"_wandb":{"runtime":742},"aca_0001*asa_0001":0.18641602993011475,"acha_0001*asha_0001":0.1408960074186325,"test_loss":1.8138340406417848,"_runtime":742,"epoch":201}