{"test_loss":0.002320467615732923,"atsha_0001*asha_0001":0.020752670243382454,"_wandb":{"runtime":1098},"epoch":301,"_runtime":1098,"train_loss":0.0007282415982335806,"_timestamp":1.770963321077159e+09,"_step":1502,"aca_0001*asa_0001":0.04254654049873352,"acha_0001*acha_0002":0.014812315814197063}