{"atca_0001*atsa_0001":0.05313074588775635,"_step":3414,"asha_0001*atcha_0001":0.1165510043501854,"atsha_0001*asha_0001":0.056099243462085724,"atcha_0001*atsha_0001":0.12290728837251663,"test_loss":9.466856924645603,"atsha_0001*acha_0001":0.06262195110321045,"_wandb":{"runtime":878},"acha_0001*atcha_0001":0.14649739861488342,"atsa_0001*asa_0001":0.35927414894104004,"atca_0001*asa_0001":0.31787970662117004,"acha_0001*acha_0002":0.07473096251487732,"aca_0001*asa_0001":0.5120242834091187,"_runtime":878,"aca_0001*atsa_0001":0.1569199562072754,"train_loss":3.722309731202244e-08,"epoch":201,"atca_0001*atcha_0001":0.173828125,"acha_0001*asha_0001":0.04283537715673447,"aca_0001*atca_0001":0.1956540048122406,"atsa_0001*atsha_0001":0.10406693071126938,"_timestamp":1.7701737098594522e+09}