{"test_loss":5.819098740620539,"atsha_0001*acha_0001":5.557384490966797,"atsa_0001*atsha_0001":1.3244376182556152,"_step":3414,"atcha_0001*atsha_0001":1.048302412033081,"atca_0001*atcha_0001":0.717241108417511,"acha_0001*acha_0002":0.5095598101615906,"asha_0001*atcha_0001":1.7907376289367676,"_runtime":829,"acha_0001*atcha_0001":4.597943305969238,"acha_0001*asha_0001":6.336194038391113,"atsa_0001*asa_0001":12.85539722442627,"_timestamp":1.7703599467169423e+09,"aca_0001*atca_0001":11.187204360961914,"aca_0001*atsa_0001":12.992513656616211,"train_loss":0.012313620422035456,"epoch":201,"atca_0001*asa_0001":14.702348709106445,"atsha_0001*asha_0001":0.7796565890312195,"atca_0001*atsa_0001":1.8651965856552124,"aca_0001*asa_0001":25.800907135009766,"_wandb":{"runtime":829}}