{"aca_0001*asa_0001":0.03888864070177078,"_timestamp":1.769606753776645e+09,"atsha_0001*acha_0001":0.0648033544421196,"atcha_0001*atsha_0001":0.0691651925444603,"atca_0001*asa_0001":0.04201365262269974,"acha_0001*atcha_0001":0.027886588126420975,"atca_0001*atcha_0001":0.057216934859752655,"atsha_0001*asha_0001":0.041368238627910614,"atsa_0001*asa_0001":0.046187687665224075,"asha_0001*atcha_0001":0.06507990509271622,"_wandb":{"runtime":1689},"test_loss":0.001479533684963826,"atsa_0001*atsha_0001":0.040983643382787704,"acha_0001*acha_0002":0.02171977050602436,"train_loss":0.0006747827270301059,"epoch":201,"_runtime":1689,"_step":3414,"acha_0001*asha_0001":0.04816002771258354,"atca_0001*atsa_0001":0.03726295009255409,"aca_0001*atsa_0001":0.06006963178515434,"aca_0001*atca_0001":0.05454310029745102}