{"aca_0001*atsa_0001":988.2527465820312,"_step":14,"atca_0001*asa_0001":953.1327514648438,"acha_0001*asha_0001":1058.2320556640625,"atsa_0001*atsha_0001":444.3652648925781,"aca_0001*asa_0001":1121.1783447265625,"_runtime":7,"epoch":0,"atca_0001*atsa_0001":816.2962036132812,"atca_0001*atcha_0001":830.5913696289062,"atcha_0001*atsha_0001":1190.6392822265625,"_timestamp":1.7663064434510136e+09,"atsha_0001*acha_0001":853.094970703125,"atsha_0001*asha_0001":206.9734344482422,"_wandb":{"runtime":7},"asha_0001*atcha_0001":1396.571533203125,"acha_0001*atcha_0001":341.89471435546875,"aca_0001*atca_0001":181.3477325439453,"atsa_0001*asa_0001":163.67498779296875,"acha_0001*acha_0002":227.87277221679688}