{"_timestamp":1.770877261987984e+09,"acha_0001*acha_0002":0.004367320332676172,"_step":1002,"acha_0001*asha_0001":0.023800894618034363,"test_loss":2.6038836083225907,"epoch":201,"_runtime":761,"aca_0001*asa_0001":0.14429351687431335,"train_loss":0.008671187672764064,"_wandb":{"runtime":761}}