{"_step":1002,"test_loss":0.004199419089825824,"aca_0001*asa_0001":0.08698012679815292,"train_loss":0.0009476139422040432,"_timestamp":1.7708772744206712e+09,"acha_0001*asha_0001":0.03429676219820976,"_runtime":763,"acha_0001*acha_0002":0.011115103960037231,"epoch":201,"_wandb":{"runtime":763}}