{"epoch":301,"_timestamp":1.7709611175290742e+09,"atsha_0001*asha_0001":0.015532217919826508,"train_loss":0.0007581106247380376,"_wandb":{"runtime":1089},"_runtime":1089,"_step":1502,"acha_0001*acha_0002":0.01283422950655222,"test_loss":0.0030831700417911635,"aca_0001*asa_0001":0.07125623524188995}