{"aca_0001*asa_0001":0.06840383261442184,"acha_0001*acha_0002":0.03226976841688156,"epoch":301,"_step":1502,"train_loss":0.0006563431799877434,"test_loss":0.0018883393136784434,"_wandb":{"runtime":1157},"acha_0001*asha_0001":0.052031029015779495,"_runtime":1157,"_timestamp":1.7709666833789084e+09}