{"acha_0001*asha_0001":0.1479097306728363,"asha_0001*atcha_0001":0.1212196946144104,"_step":3414,"_wandb":{"runtime":788},"_timestamp":1.7702773568755085e+09,"atsa_0001*atsha_0001":0.053229376673698425,"train_loss":0.06089342400431633,"_runtime":788,"atsha_0001*asha_0001":0.04078244790434837,"atsa_0001*asa_0001":0.36545494198799133,"aca_0001*atca_0001":0.10649009793996811,"atca_0001*atsa_0001":0.0902356430888176,"aca_0001*asa_0001":0.3803306519985199,"acha_0001*atcha_0001":0.2559376358985901,"atca_0001*asa_0001":0.27565887570381165,"aca_0001*atsa_0001":0.03473323956131935,"epoch":201,"atca_0001*atcha_0001":0.11635855585336685,"atsha_0001*acha_0001":0.10766130685806274,"test_loss":2.2630782235339284,"acha_0001*acha_0002":0.020716018974781036,"atcha_0001*atsha_0001":0.15542997419834137}