{"atca_0001*atcha_0001":0.5104933381080627,"_runtime":1120,"atcha_0001*atsha_0001":0,"atsha_0001*acha_0001":0.03187015280127525,"_timestamp":1.766421308364935e+09,"atca_0001*atsa_0001":0.8491149544715881,"asha_0001*atcha_0001":0,"acha_0001*asha_0001":0.03187015280127525,"test_loss":28.628191928863526,"aca_0001*atca_0001":0.903856635093689,"atsa_0001*atsha_0001":1,"acha_0001*acha_0002":0.995216429233551,"atca_0001*asa_0001":0.8405759930610657,"_wandb":{"runtime":1120},"_step":1714,"acha_0001*atcha_0001":0.9924587607383728,"train_loss":0.001252910686305313,"epoch":101,"aca_0001*asa_0001":0.5425759553909302,"aca_0001*atsa_0001":0.5480877161026001,"atsha_0001*asha_0001":1,"atsa_0001*asa_0001":0.9899436831474304}