{"test_loss":0.0044710613103816285,"_runtime":735,"aca_0001*asa_0001":11.720874786376953,"acha_0001*asha_0001":1.030056357383728,"epoch":201,"train_loss":0.0010892578326165676,"_timestamp":1.7708764324003627e+09,"acha_0001*acha_0002":1.409358024597168,"_wandb":{"runtime":735},"_step":1002}