{"atsa_0001*asa_0001":0.03606346249580383,"epoch":201,"acha_0001*atcha_0001":0.05448070541024208,"_step":3414,"atca_0001*atcha_0001":0.03468343988060951,"atsha_0001*acha_0001":0.029525626450777054,"aca_0001*atca_0001":0.03187665715813637,"acha_0001*acha_0002":0.0109880231320858,"aca_0001*asa_0001":0.06560206413269043,"acha_0001*asha_0001":0.039752259850502014,"test_loss":0.0034166203745407985,"train_loss":0.000884341673925519,"atsha_0001*asha_0001":0.012172344140708447,"atsa_0001*atsha_0001":0.018247367814183235,"asha_0001*atcha_0001":0.04709213227033615,"_timestamp":1.7701805947640696e+09,"aca_0001*atsa_0001":0.03233290836215019,"atcha_0001*atsha_0001":0.04504559934139252,"_runtime":843,"atca_0001*atsa_0001":0.010783721692860126,"atca_0001*asa_0001":0.03457608073949814,"_wandb":{"runtime":843}}