{"acha_0001*atcha_0001":2,"atca_0001*atcha_0001":2,"acha_0001*asha_0001":2,"atsha_0001*acha_0001":2,"epoch":201,"atcha_0001*atsha_0001":2,"atsa_0001*atsha_0001":2,"aca_0001*asa_0001":2,"_runtime":1684,"_timestamp":1.7663088662398694e+09,"aca_0001*atsa_0001":2,"_wandb":{"runtime":1684},"atca_0001*atsa_0001":2,"atsha_0001*asha_0001":2,"train_loss":484802.0356875,"_step":3414,"acha_0001*acha_0002":2,"aca_0001*atca_0001":2,"test_loss":484250.4564375,"asha_0001*atcha_0001":2,"atsa_0001*asa_0001":2,"atca_0001*asa_0001":2}