{"_runtime":777,"atca_0001*asa_0001":0.030413273721933365,"aca_0001*atca_0001":0.041117407381534576,"aca_0001*atsa_0001":0.03533687815070152,"epoch":201,"_timestamp":1.7702743174033148e+09,"atsha_0001*asha_0001":0.031206458806991577,"atsa_0001*asa_0001":0.05164007097482681,"atcha_0001*atsha_0001":0.009464976377785206,"_step":3414,"atsa_0001*atsha_0001":0.02704952470958233,"test_loss":0.003988720416789875,"atca_0001*atcha_0001":0.007207836024463177,"train_loss":0.0009559466256760061,"acha_0001*atcha_0001":0.03477482870221138,"acha_0001*acha_0002":0.016273396089673042,"aca_0001*asa_0001":0.058676913380622864,"acha_0001*asha_0001":0.021711193025112152,"asha_0001*atcha_0001":0.029813284054398537,"atsha_0001*acha_0001":0.03952345624566078,"atca_0001*atsa_0001":0.023015515878796577,"_wandb":{"runtime":777}}