{"acha_0001*asha_0001":0.0782131627202034,"_wandb":{"runtime":955},"atca_0001*atsa_0001":0.07267244905233383,"aca_0001*asa_0001":0.07974929362535477,"atsa_0001*asa_0001":0.09065181761980057,"atsha_0001*asha_0001":0.07362266629934311,"train_loss":0.0006638418627553619,"atsa_0001*atsha_0001":0.05845600366592407,"aca_0001*atsa_0001":0.10289513319730759,"_timestamp":1.7678893171946936e+09,"_runtime":955,"atca_0001*atcha_0001":0.04556003585457802,"asha_0001*atcha_0001":0.10798732191324234,"atca_0001*asa_0001":0.14640067517757416,"epoch":101,"acha_0001*atcha_0001":0.07873402535915375,"acha_0001*acha_0002":0.0315045490860939,"atsha_0001*acha_0001":0.08722835779190063,"atcha_0001*atsha_0001":0.06768311560153961,"test_loss":0.0010379798078793102,"aca_0001*atca_0001":0.11746323108673096,"_step":1714}