{"acha_0001*atcha_0001":13.419751167297363,"atca_0001*atsa_0001":3.9203903675079346,"_step":3414,"aca_0001*atsa_0001":7.86992883682251,"atsa_0001*asa_0001":7.990297317504883,"atsa_0001*atsha_0001":2.020380973815918,"test_loss":6.971582948932657,"atsha_0001*asha_0001":0.8742585182189941,"atcha_0001*atsha_0001":7.677090167999268,"asha_0001*atcha_0001":8.478643417358398,"atca_0001*asa_0001":4.216361999511719,"_timestamp":1.7703606789918795e+09,"aca_0001*asa_0001":15.40168285369873,"_wandb":{"runtime":729},"train_loss":0.0010853899507783354,"aca_0001*atca_0001":11.195871353149414,"atca_0001*atcha_0001":5.767059326171875,"acha_0001*acha_0002":0.9422163367271423,"_runtime":729,"epoch":201,"atsha_0001*acha_0001":6.267095565795898,"acha_0001*asha_0001":5.820895671844482}