{"epoch":201,"_timestamp":1.7708912656544464e+09,"acha_0001*acha_0002":0.015867263078689575,"_runtime":752,"atsha_0001*asha_0001":0.014484762214124203,"test_loss":2.9232751191072164,"_wandb":{"runtime":752},"_step":1002,"train_loss":0.010356032457202673,"aca_0001*asa_0001":0.06306204944849014}