{"aca_0001*atsa_0001":0.03875833377242088,"aca_0001*atca_0001":0.04460529983043671,"atca_0001*atcha_0001":0.02247154898941517,"aca_0001*asa_0001":0.0521271675825119,"atca_0001*asa_0001":0.018464522436261177,"train_loss":0.0008912683462258429,"atsha_0001*asha_0001":0.019931692630052567,"asha_0001*atcha_0001":0.02120881713926792,"atsa_0001*atsha_0001":0.021561743691563606,"acha_0001*asha_0001":0.031265970319509506,"acha_0001*acha_0002":0.009991512633860111,"atca_0001*atsa_0001":0.019276870414614677,"atcha_0001*atsha_0001":0.032409150153398514,"epoch":201,"atsa_0001*asa_0001":0.033272501081228256,"atsha_0001*acha_0001":0.05028252303600311,"_runtime":770,"_wandb":{"runtime":770},"_step":3414,"_timestamp":1.7701789764918709e+09,"acha_0001*atcha_0001":0.02564391866326332,"test_loss":0.003289524278254248}