{"atsa_0001*asa_0001":0.17941927909851074,"atsha_0001*asha_0001":0.06617607176303864,"acha_0001*asha_0001":0.0441293902695179,"asha_0001*atcha_0001":0.06572055071592331,"_runtime":870,"atcha_0001*atsha_0001":0.1204976812005043,"atca_0001*atsa_0001":0.06798867136240005,"_timestamp":1.7701928769723547e+09,"_step":3414,"acha_0001*acha_0002":0.023027004674077034,"aca_0001*atca_0001":0.15186724066734314,"atsa_0001*atsha_0001":0.048149581998586655,"atca_0001*atcha_0001":0.06082189455628395,"train_loss":0.03507396912574768,"atsha_0001*acha_0001":0.0369548574090004,"test_loss":3.3693280924335123,"acha_0001*atcha_0001":0.10702608525753021,"aca_0001*atsa_0001":0.09074677526950836,"epoch":201,"atca_0001*asa_0001":0.1140531376004219,"_wandb":{"runtime":870},"aca_0001*asa_0001":0.2634837329387665}