{"epoch":301,"acha_0001*asha_0001":0.06196748837828636,"_step":1502,"test_loss":0.0019861274940194563,"acha_0001*acha_0002":0.0272153839468956,"_wandb":{"runtime":1099},"train_loss":0.000661270609125495,"_runtime":1099,"aca_0001*asa_0001":0.08131669461727142,"_timestamp":1.7709622084695392e+09}