{"epoch":201,"_step":1002,"aca_0001*asa_0001":0.08137760311365128,"atsha_0001*asha_0001":0.025239937007427216,"_runtime":775,"_timestamp":1.7708943615412743e+09,"_wandb":{"runtime":775},"acha_0001*acha_0002":0.029956761747598648,"train_loss":0.01809611736983061,"test_loss":3.062921002600342}