{"acha_0001*acha_0002":2.8463618755340576,"train_loss":0.006419844753108919,"_timestamp":1.7708756625240965e+09,"_wandb":{"runtime":719},"aca_0001*asa_0001":60.52446746826172,"acha_0001*asha_0001":21.73630142211914,"_step":1002,"test_loss":17.65603309138096,"_runtime":719,"epoch":201}