{"_runtime":814,"acha_0001*acha_0002":0.013466519303619862,"test_loss":0.003242724493262358,"_wandb":{"runtime":814},"epoch":201,"_timestamp":1.7708788564879298e+09,"acha_0001*asha_0001":0.02822280488908291,"train_loss":0.0009635758788790554,"_step":1002,"aca_0001*asa_0001":0.06455177068710327}