{"atcha_0001*atsha_0001":0.34395113587379456,"asha_0001*atcha_0001":0.4102799594402313,"atca_0001*atsa_0001":0.26378390192985535,"atca_0001*asa_0001":0.30884045362472534,"atsa_0001*asa_0001":0.0598631352186203,"atsha_0001*acha_0001":0.26438063383102417,"train_loss":12971.626018066407,"test_loss":12124.596466796875,"_runtime":1934,"acha_0001*acha_0002":0.05544734001159668,"acha_0001*asha_0001":0.3309877812862396,"aca_0001*atsa_0001":0.30173957347869873,"_step":1714,"_wandb":{"runtime":1934},"acha_0001*atcha_0001":0.09411802887916565,"atsa_0001*atsha_0001":0.13099674880504608,"_timestamp":1.7677992358817568e+09,"aca_0001*asa_0001":0.34648990631103516,"atsha_0001*asha_0001":0.06725642085075378,"atca_0001*atcha_0001":0.22286301851272583,"epoch":101,"aca_0001*atca_0001":0.043586451560258865}