{"_runtime":1116,"acha_0001*acha_0002":0.012023771181702614,"train_loss":0.0007311864919029176,"epoch":301,"_timestamp":1.7709638516141183e+09,"_wandb":{"runtime":1116},"_step":1502,"aca_0001*asa_0001":0.05092007666826248,"acha_0001*asha_0001":0.02163022570312023,"test_loss":0.002512900918489322}