{"acha_0001*asha_0001":0.06256862729787827,"_step":3414,"aca_0001*atca_0001":0.1085435077548027,"aca_0001*atsa_0001":0.06553163379430771,"_timestamp":1.7701936362921598e+09,"asha_0001*atcha_0001":0.23563098907470703,"_wandb":{"runtime":757},"aca_0001*asa_0001":0.11394438147544861,"atca_0001*atsa_0001":0.15610650181770325,"atsha_0001*acha_0001":0.19575145840644836,"atca_0001*atcha_0001":0.11318439245223999,"acha_0001*acha_0002":0.038768425583839417,"test_loss":2.2641394994854926,"atcha_0001*atsha_0001":0.10318342596292496,"epoch":201,"acha_0001*atcha_0001":0.29604825377464294,"_runtime":757,"atsa_0001*asa_0001":0.1541391909122467,"atca_0001*asa_0001":0.03502035513520241,"atsa_0001*atsha_0001":0.1665203720331192,"atsha_0001*asha_0001":0.13462047278881073,"train_loss":0.03490350630879402}