{"_timestamp":1.770787426533648e+09,"acha_0001*atcha_0001":19.117725372314453,"atsha_0001*acha_0001":9.376466751098633,"acha_0001*acha_0002":2.2546651363372803,"atcha_0001*atsha_0001":9.769916534423828,"aca_0001*atca_0001":19.373435974121094,"atsa_0001*atsha_0001":1.8396985530853271,"atsa_0001*asa_0001":33.86127853393555,"atca_0001*asa_0001":27.277652740478516,"acha_0001*asha_0001":14.785592079162598,"atca_0001*atsa_0001":6.5905961990356445,"epoch":201,"_wandb":{"runtime":733},"atca_0001*atcha_0001":4.980742931365967,"_step":3414,"aca_0001*asa_0001":46.63933181762695,"asha_0001*atcha_0001":4.3474578857421875,"test_loss":7.824108015984296,"train_loss":0.05225830309838057,"aca_0001*atsa_0001":12.784842491149902,"atsha_0001*asha_0001":5.426452159881592,"_runtime":733}