{"acha_0001*acha_0002":0.0220986045897007,"epoch":301,"_timestamp":1.7709644251180336e+09,"train_loss":0.0007292696018703282,"_runtime":1101,"_step":1502,"atsha_0001*asha_0001":0.02196078561246395,"aca_0001*asa_0001":0.041997864842414856,"test_loss":0.002396961540449411,"_wandb":{"runtime":1101}}