{"atsha_0001*acha_0001":3.7514655590057373,"atca_0001*atcha_0001":0.8807272911071777,"atca_0001*asa_0001":9.251259803771973,"_runtime":738,"atcha_0001*atsha_0001":0.4833422005176544,"aca_0001*atca_0001":8.31978988647461,"atsa_0001*atsha_0001":0.8679174184799194,"test_loss":0.022992406751029194,"asha_0001*atcha_0001":0.6501765251159668,"acha_0001*asha_0001":4.180784225463867,"_step":3414,"atsa_0001*asa_0001":11.016426086425781,"acha_0001*atcha_0001":3.8784990310668945,"aca_0001*asa_0001":17.2745304107666,"_timestamp":1.7707852663951058e+09,"acha_0001*acha_0002":1.1913998126983643,"epoch":201,"atca_0001*atsa_0001":1.7866706848144531,"_wandb":{"runtime":738},"atsha_0001*asha_0001":0.4415358603000641,"aca_0001*atsa_0001":6.5846266746521,"train_loss":0.000972981624538079}