{"_timestamp":1.7708756808442655e+09,"test_loss":7.722703547424986,"aca_0001*asa_0001":1.3188496828079224,"train_loss":3.192197935277363e-05,"_runtime":728,"_step":1002,"acha_0001*asha_0001":0.28419142961502075,"acha_0001*acha_0002":0.027063293382525444,"_wandb":{"runtime":728},"epoch":201}