{"atsa_0001*atsha_0001":1.8874050378799438,"acha_0001*acha_0002":0.49555903673171997,"atca_0001*asa_0001":1.9011763334274292,"asha_0001*atcha_0001":5.872523784637451,"_wandb":{"runtime":722},"atsha_0001*asha_0001":1.3202850818634033,"_runtime":722,"_timestamp":1.770784495026475e+09,"_step":3414,"atsa_0001*asa_0001":7.9985270500183105,"atca_0001*atcha_0001":2.6964049339294434,"acha_0001*asha_0001":7.424806118011475,"aca_0001*asa_0001":16.027284622192383,"test_loss":3.6581232267916204,"atcha_0001*atsha_0001":6.891452789306641,"acha_0001*atcha_0001":12.934696197509766,"aca_0001*atca_0001":14.1399507522583,"atsha_0001*acha_0001":6.181372165679932,"atca_0001*atsa_0001":6.131206035614014,"aca_0001*atsa_0001":8.179535865783691,"train_loss":0.17332159155607224,"epoch":201}