{"acha_0001*asha_0001":0.1004483625292778,"atca_0001*atcha_0001":0.11963587999343872,"test_loss":2.633050823383033,"asha_0001*atcha_0001":0.06042073667049408,"acha_0001*atcha_0001":0.06289547681808472,"aca_0001*atsa_0001":0.04140901193022728,"_timestamp":1.770178901554527e+09,"atsa_0001*atsha_0001":0.04679355025291443,"train_loss":0.03624805319309234,"atca_0001*asa_0001":0.12084147334098816,"atca_0001*atsa_0001":0.02923169918358326,"aca_0001*atca_0001":0.06637752056121826,"atcha_0001*atsha_0001":0.04960322380065918,"aca_0001*asa_0001":0.09152636677026749,"epoch":201,"atsha_0001*acha_0001":0.09158886224031448,"atsa_0001*asa_0001":0.09820160269737244,"acha_0001*acha_0002":0.03759448602795601,"_step":3414,"_runtime":752,"_wandb":{"runtime":752},"atsha_0001*asha_0001":0.024627968668937683}