{"aca_0001*atca_0001":8.099311828613281,"atca_0001*atsa_0001":4.972753047943115,"atca_0001*asa_0001":3.950291872024536,"train_loss":1.3709032193887083e-09,"atca_0001*atcha_0001":8.987306594848633,"acha_0001*acha_0002":1.5342564582824707,"epoch":301,"_step":3399,"aca_0001*atsa_0001":13.026652336120605,"atsa_0001*asa_0001":1.04818594455719,"_runtime":1506,"acha_0001*atcha_0001":0.8191956877708435,"atsha_0001*acha_0001":14.766754150390625,"atsha_0001*asha_0001":1.5977064371109009,"acha_0001*asha_0001":13.29664421081543,"_wandb":{"runtime":1506},"aca_0001*asa_0001":11.984308242797852,"atsa_0001*atsha_0001":1.7150795459747314,"_timestamp":1.767804199191481e+09,"test_loss":12.569857306957244,"atcha_0001*atsha_0001":15.324475288391113,"asha_0001*atcha_0001":13.881197929382324}