{"epoch":201,"acha_0001*acha_0002":0.027209360152482986,"train_loss":0.0006676204577088356,"atsha_0001*asha_0001":0.04095163196325302,"atca_0001*atcha_0001":0.05107734724879265,"aca_0001*asa_0001":0.05472944676876068,"acha_0001*atcha_0001":0.055578868836164474,"_step":3414,"atca_0001*atsa_0001":0.047867752611637115,"atca_0001*asa_0001":0.029272450134158134,"atsha_0001*acha_0001":0.07351309061050415,"_timestamp":1.7679251026391628e+09,"acha_0001*asha_0001":0.046720247715711594,"aca_0001*atsa_0001":0.07762251794338226,"test_loss":0.0014227428764570504,"aca_0001*atca_0001":0.07464037835597992,"_wandb":{"runtime":1690},"asha_0001*atcha_0001":0.07261942327022552,"atsa_0001*asa_0001":0.061944399029016495,"_runtime":1690,"atsa_0001*atsha_0001":0.04332791268825531,"atcha_0001*atsha_0001":0.07904201000928879}