{"_timestamp":1.7696081702078285e+09,"atsa_0001*atsha_0001":0.1688126027584076,"_runtime":1486,"atsa_0001*asa_0001":0.8272527456283569,"train_loss":0.0035721533931791782,"epoch":201,"aca_0001*atca_0001":1.4296274185180664,"atca_0001*atsa_0001":0.6765139698982239,"atsha_0001*acha_0001":1.7113181352615356,"atcha_0001*atsha_0001":1.2827845811843872,"asha_0001*atcha_0001":0.8863605260848999,"acha_0001*acha_0002":0.29454004764556885,"aca_0001*asa_0001":1.2423003911972046,"atca_0001*atcha_0001":0.7746202945709229,"atsha_0001*asha_0001":0.45391565561294556,"test_loss":10.04672460352833,"_wandb":{"runtime":1486},"acha_0001*atcha_0001":0.5039516687393188,"_step":3414,"acha_0001*asha_0001":1.2748169898986816,"atca_0001*asa_0001":0.23398812115192413,"aca_0001*atsa_0001":2.068408966064453}