{"atcha_0001*atsha_0001":0.09651671350002289,"acha_0001*atcha_0001":0.0827145054936409,"atsa_0001*atsha_0001":0.05700644478201866,"atsa_0001*asa_0001":0.0811845138669014,"asha_0001*atcha_0001":0.11729585379362106,"test_loss":0.0008541993700200692,"aca_0001*atsa_0001":0.11100474745035172,"_runtime":912,"atsha_0001*asha_0001":0.06363482028245926,"acha_0001*asha_0001":0.08455420285463333,"aca_0001*asa_0001":0.08957444876432419,"train_loss":0.000665801394963637,"atca_0001*asa_0001":0.14152684807777405,"_timestamp":1.7678870131036909e+09,"epoch":101,"_wandb":{"runtime":912},"aca_0001*atca_0001":0.1185382530093193,"atca_0001*atcha_0001":0.07215192168951035,"atca_0001*atsa_0001":0.08058665692806244,"acha_0001*acha_0002":0.024580730125308037,"atsha_0001*acha_0001":0.09930815547704697,"_step":1714}