{"atca_0001*atcha_0001":0.04521827772259712,"epoch":201,"_runtime":1666,"atca_0001*atsa_0001":0.0646076649427414,"acha_0001*acha_0002":0.024192877113819122,"atsa_0001*asa_0001":0.07710728794336319,"atsa_0001*atsha_0001":0.048818282783031464,"_timestamp":1.769606730877078e+09,"atsha_0001*acha_0001":0.08959852904081345,"atcha_0001*atsha_0001":0.0780469998717308,"acha_0001*atcha_0001":0.055852338671684265,"asha_0001*atcha_0001":0.08693832159042358,"test_loss":0.0009895761028164997,"acha_0001*asha_0001":0.0693114846944809,"_wandb":{"runtime":1666},"aca_0001*asa_0001":0.07581912726163864,"aca_0001*atsa_0001":0.11476816982030869,"atca_0001*asa_0001":0.11816711723804474,"atsha_0001*asha_0001":0.05480032414197922,"train_loss":0.0006943186089629307,"_step":3414,"aca_0001*atca_0001":0.11892794072628021}