{"asha_0001*atcha_0001":0.06035756692290306,"aca_0001*atsa_0001":0.041420526802539825,"atcha_0001*atsha_0001":0.04950699955224991,"atsha_0001*asha_0001":0.02474386617541313,"_step":3414,"train_loss":0.03625125040113926,"aca_0001*atca_0001":0.06650670617818832,"epoch":201,"_timestamp":1.7701961195992882e+09,"_wandb":{"runtime":804},"test_loss":2.6329768871665,"atca_0001*atsa_0001":0.029215380549430847,"_runtime":804,"atsa_0001*asa_0001":0.09829866886138916,"acha_0001*asha_0001":0.10045786201953888,"acha_0001*atcha_0001":0.06300152838230133,"atsha_0001*acha_0001":0.09160967916250229,"atca_0001*atcha_0001":0.11946038156747818,"aca_0001*asa_0001":0.0914950966835022,"acha_0001*acha_0002":0.03751830756664276,"atsa_0001*atsha_0001":0.0468546487390995,"atca_0001*asa_0001":0.12088881433010101}