{"acha_0001*asha_0001":11.68697738647461,"atca_0001*asa_0001":8.60977554321289,"acha_0001*atcha_0001":12.035959243774414,"atsha_0001*asha_0001":5.303119659423828,"_timestamp":1.770783785801398e+09,"atsa_0001*atsha_0001":6.91300106048584,"aca_0001*atsa_0001":13.79890251159668,"epoch":201,"test_loss":0.05912115885608364,"atsa_0001*asa_0001":14.907560348510742,"atca_0001*atcha_0001":4.300811290740967,"atsha_0001*acha_0001":16.903776168823242,"_runtime":849,"atcha_0001*atsha_0001":4.8946356773376465,"_wandb":{"runtime":849},"train_loss":0.0010699523873627186,"acha_0001*acha_0002":0.14727650582790375,"_step":3414,"aca_0001*asa_0001":28.671733856201172,"atca_0001*atsa_0001":6.315815448760986,"aca_0001*atca_0001":20.11080551147461,"asha_0001*atcha_0001":0.5826207995414734}