{"epoch":301,"atsha_0001*asha_0001":0.03669385612010956,"test_loss":0.0024298787732841445,"_wandb":{"runtime":1101},"_timestamp":1.770962224040739e+09,"train_loss":0.0006645388847682625,"_runtime":1101,"_step":1502,"acha_0001*acha_0002":0.023504795506596565,"aca_0001*asa_0001":0.03021184727549553}