{"_step":1002,"_runtime":785,"aca_0001*asa_0001":0.05186379700899124,"epoch":201,"_timestamp":1.7708928923112173e+09,"acha_0001*acha_0002":0.010159374214708805,"train_loss":0.0008323619107250124,"test_loss":0.004272755170590245,"_wandb":{"runtime":785},"atsha_0001*asha_0001":0.012109288945794106}