{"atsa_0001*atsha_0001":0.07927825301885605,"epoch":201,"atsha_0001*acha_0001":0.07718126475811005,"atca_0001*atcha_0001":0.04735730215907097,"test_loss":0.0008397719106869772,"atcha_0001*atsha_0001":0.07555432617664337,"aca_0001*atca_0001":0.10288463532924652,"aca_0001*atsa_0001":0.09920043498277664,"_timestamp":1.7696098082922623e+09,"_runtime":1538,"atca_0001*asa_0001":0.1386185735464096,"aca_0001*asa_0001":0.09009682387113571,"_step":3414,"acha_0001*asha_0001":0.07968190312385559,"asha_0001*atcha_0001":0.10887960344552994,"_wandb":{"runtime":1538},"atsha_0001*asha_0001":0.07683411985635757,"atca_0001*atsa_0001":0.08780377358198166,"atsa_0001*asa_0001":0.07016399502754211,"acha_0001*acha_0002":0.035956285893917084,"acha_0001*atcha_0001":0.06026565656065941,"train_loss":0.0006822880447143689}