{"atca_0001*asa_0001":0.7453776001930237,"_step":3414,"acha_0001*asha_0001":2.1868910789489746,"epoch":201,"test_loss":2.077632781624794,"aca_0001*atsa_0001":1.8837177753448486,"train_loss":0.9705921967029572,"atsha_0001*acha_0001":2.3937363624572754,"_timestamp":1.7675969081208305e+09,"asha_0001*atcha_0001":2.3706462383270264,"atca_0001*atsa_0001":0.9409399032592773,"aca_0001*asa_0001":1.6729388236999512,"atsha_0001*asha_0001":0.2436743527650833,"acha_0001*atcha_0001":0.25178083777427673,"acha_0001*acha_0002":0.17884613573551178,"_runtime":1944,"_wandb":{"runtime":1944},"atca_0001*atcha_0001":1.432380199432373,"aca_0001*atca_0001":0.9516417384147644,"atsa_0001*asa_0001":0.23091831803321838,"atsa_0001*atsha_0001":0.2590579390525818,"atcha_0001*atsha_0001":2.5673513412475586}