{"aca_0001*asa_0001":20.611614227294922,"acha_0001*asha_0001":3.262080192565918,"_wandb":{"runtime":736},"_step":1002,"epoch":201,"test_loss":0.02335932650556788,"_runtime":736,"acha_0001*acha_0002":1.5745362043380737,"train_loss":0.0010182220668066293,"_timestamp":1.7708779077994027e+09}