{"_wandb":{"runtime":778},"_step":1002,"acha_0001*acha_0002":0.011317702010273933,"_runtime":778,"epoch":201,"train_loss":0.000834322925657034,"aca_0001*asa_0001":0.04243484511971474,"acha_0001*asha_0001":0.019092982634902,"test_loss":0.003585586730041541,"_timestamp":1.770878110383102e+09}