{"train_loss":0.0010232471756171436,"atca_0001*atcha_0001":1.5150208473205566,"acha_0001*asha_0001":10.178411483764648,"atca_0001*asa_0001":15.051973342895508,"aca_0001*atca_0001":15.207094192504883,"acha_0001*acha_0002":0.08427909761667252,"epoch":201,"_step":3414,"atsa_0001*asa_0001":19.983142852783203,"acha_0001*atcha_0001":10.684701919555664,"atsha_0001*acha_0001":7.585273265838623,"aca_0001*atsa_0001":10.258466720581055,"asha_0001*atcha_0001":0.545184314250946,"aca_0001*asa_0001":30.234432220458984,"_runtime":732,"atsa_0001*atsha_0001":0.3818346858024597,"atca_0001*atsa_0001":4.950287818908691,"test_loss":0.16917723509622737,"_timestamp":1.7703614281468816e+09,"_wandb":{"runtime":732},"atcha_0001*atsha_0001":3.1058974266052246,"atsha_0001*asha_0001":2.5984139442443848}