{"_wandb":{"runtime":1137},"epoch":301,"train_loss":0.0007080473979003728,"_runtime":1137,"atsha_0001*asha_0001":0.024418944492936134,"test_loss":0.002904630977427587,"_step":1502,"aca_0001*asa_0001":0.01713860221207142,"_timestamp":1.770966666542956e+09,"acha_0001*acha_0002":0.015506293624639511}