{"epoch":201,"atsha_0001*asha_0001":0.03075784258544445,"_runtime":854,"_timestamp":1.7702735181717703e+09,"acha_0001*atcha_0001":0.1399894803762436,"atsa_0001*asa_0001":0.1721799075603485,"atca_0001*atsa_0001":0.06664994359016418,"acha_0001*acha_0002":0.024276958778500557,"aca_0001*atca_0001":0.1987178772687912,"acha_0001*asha_0001":0.05520818009972572,"aca_0001*asa_0001":0.3014574348926544,"atca_0001*atcha_0001":0.08695793896913528,"train_loss":0.04959546267986298,"asha_0001*atcha_0001":0.08920993655920029,"atca_0001*asa_0001":0.10692355781793594,"aca_0001*atsa_0001":0.14381353557109833,"test_loss":2.080954268209636,"atcha_0001*atsha_0001":0.09330644458532333,"atsa_0001*atsha_0001":0.06852658092975616,"_wandb":{"runtime":854},"atsha_0001*acha_0001":0.06090807169675827,"_step":3414}