{"_step":3414,"_timestamp":1.7701970060023472e+09,"test_loss":3.231071388795972,"_runtime":873,"asha_0001*atcha_0001":0.08301355689764023,"atsa_0001*atsha_0001":0.04957437515258789,"acha_0001*atcha_0001":0.16794319450855255,"aca_0001*atsa_0001":0.03249180689454079,"acha_0001*asha_0001":0.1057351604104042,"aca_0001*atca_0001":0.075360007584095,"train_loss":0.036318007498979565,"epoch":201,"atsha_0001*acha_0001":0.08170507848262787,"atca_0001*asa_0001":0.2637369632720947,"aca_0001*asa_0001":0.33662521839141846,"atca_0001*atsa_0001":0.06833146512508392,"atsha_0001*asha_0001":0.025371838361024857,"atcha_0001*atsha_0001":0.0965612456202507,"_wandb":{"runtime":873},"atca_0001*atcha_0001":0.07181553542613983,"atsa_0001*asa_0001":0.3308515250682831,"acha_0001*acha_0002":0.009003461338579655}