{"_timestamp":1.7703621305802681e+09,"asha_0001*atcha_0001":6.706233978271484,"_wandb":{"runtime":726},"_runtime":726,"atsa_0001*atsha_0001":2.5685131549835205,"atcha_0001*atsha_0001":5.8418121337890625,"acha_0001*asha_0001":7.8057355880737305,"train_loss":5.784268966817763e-05,"atca_0001*atcha_0001":3.767618179321289,"acha_0001*acha_0002":0.1867661476135254,"atsha_0001*acha_0001":7.014307022094727,"atsa_0001*asa_0001":11.080718040466309,"test_loss":6.462040151402805,"aca_0001*asa_0001":19.451078414916992,"atca_0001*atsa_0001":0.5419420599937439,"acha_0001*atcha_0001":1.3941482305526733,"aca_0001*atca_0001":8.967767715454102,"_step":3414,"atca_0001*asa_0001":10.707767486572266,"atsha_0001*asha_0001":1.0399872064590454,"aca_0001*atsa_0001":8.514652252197266,"epoch":201}