{"aca_0001*asa_0001":7.470042705535889,"epoch":201,"atcha_0001*atsha_0001":11.717206001281738,"atsha_0001*asha_0001":11.9952392578125,"aca_0001*atsa_0001":10.98764419555664,"atca_0001*atcha_0001":8.956464767456055,"acha_0001*acha_0002":0.23965409398078918,"atca_0001*asa_0001":7.232566833496094,"asha_0001*atcha_0001":0.39340806007385254,"_runtime":1636,"test_loss":9.66567805673182,"aca_0001*atca_0001":14.679953575134277,"_wandb":{"runtime":1636},"train_loss":1.1920927489583733e-10,"_timestamp":1.7679435271325355e+09,"acha_0001*asha_0001":7.096527099609375,"_step":3414,"atsha_0001*acha_0001":19.07254981994629,"atca_0001*atsa_0001":3.7341554164886475,"atsa_0001*atsha_0001":6.442801475524902,"acha_0001*atcha_0001":7.40488338470459,"atsa_0001*asa_0001":3.523963689804077}