{"atcha_0001*atsha_0001":0.946918249130249,"asha_0001*atcha_0001":0.39789140224456787,"atsha_0001*acha_0001":1.5474451780319214,"test_loss":10.588451070761309,"_timestamp":1.769612648632117e+09,"train_loss":0.00946958781592548,"acha_0001*atcha_0001":0.8467557430267334,"_step":3414,"atca_0001*atsa_0001":0.16373082995414734,"acha_0001*asha_0001":0.7154384851455688,"aca_0001*atsa_0001":1.6599925756454468,"aca_0001*asa_0001":1.12864351272583,"aca_0001*atca_0001":1.4989060163497925,"atsa_0001*atsha_0001":0.2848684787750244,"atca_0001*asa_0001":0.4265756607055664,"acha_0001*acha_0002":0.264934778213501,"atsha_0001*asha_0001":0.8378917574882507,"atsa_0001*asa_0001":0.5686210989952087,"epoch":201,"_runtime":1490,"atca_0001*atcha_0001":0.5735008120536804,"_wandb":{"runtime":1490}}