{"_step":14,"acha_0001*asha_0001":0.9145907759666443,"_timestamp":1.7663125819606576e+09,"atca_0001*atcha_0001":0.9788755178451538,"_wandb":{"runtime":6},"atca_0001*atsa_0001":0.9344643950462341,"atcha_0001*atsha_0001":0.9304347038269043,"_runtime":6,"aca_0001*asa_0001":0.9155672192573547,"asha_0001*atcha_0001":0.8974465131759644,"atsha_0001*acha_0001":0.9446127414703369,"atsha_0001*asha_0001":0.9960545301437378,"acha_0001*atcha_0001":0.9986385107040405,"atca_0001*asa_0001":0.9257996082305908,"acha_0001*acha_0002":0.9990001916885376,"epoch":0,"atsa_0001*asa_0001":0.999448835849762,"aca_0001*atca_0001":0.9992097616195679,"aca_0001*atsa_0001":0.9245038032531738,"atsa_0001*atsha_0001":0.9797112941741943}