{"atsha_0001*asha_0001":3.7462821006774902,"atsa_0001*atsha_0001":1.3764058351516724,"train_loss":0.0010054574660025538,"atsa_0001*asa_0001":10.914420127868652,"epoch":201,"atsha_0001*acha_0001":2.872246026992798,"acha_0001*atcha_0001":3.0139472484588623,"atcha_0001*atsha_0001":0.6273545622825623,"atca_0001*atsa_0001":0.4453125,"acha_0001*asha_0001":6.522609233856201,"_runtime":740,"atca_0001*atcha_0001":0.7534937262535095,"aca_0001*atsa_0001":9.0137357711792,"test_loss":0.09883600160165225,"aca_0001*asa_0001":19.800010681152344,"aca_0001*atca_0001":8.64200210571289,"_step":3414,"atca_0001*asa_0001":11.239059448242188,"_wandb":{"runtime":740},"acha_0001*acha_0002":0.32588520646095276,"asha_0001*atcha_0001":3.5095677375793457,"_timestamp":1.7707860085980775e+09}