{"epoch":201,"train_loss":0.0009864727959502488,"_runtime":844,"atsa_0001*asa_0001":18.06676483154297,"atcha_0001*atsha_0001":2.147663116455078,"_timestamp":1.7703599615144367e+09,"atsha_0001*acha_0001":8.5641508102417,"atsha_0001*asha_0001":1.8947688341140747,"atsa_0001*atsha_0001":3.7178759574890137,"atca_0001*atsa_0001":5.628228664398193,"aca_0001*atsa_0001":15.554125785827637,"_step":3414,"atca_0001*asa_0001":23.59886932373047,"atca_0001*atcha_0001":3.635753631591797,"test_loss":0.123450598161784,"acha_0001*atcha_0001":10.141748428344727,"aca_0001*atca_0001":9.943553924560547,"aca_0001*asa_0001":33.52798080444336,"acha_0001*acha_0002":1.049049973487854,"asha_0001*atcha_0001":1.8828043937683105,"acha_0001*asha_0001":10.44238567352295,"_wandb":{"runtime":844}}