{"acha_0001*acha_0002":0.022714264690876007,"atca_0001*asa_0001":0.15966422855854034,"aca_0001*atca_0001":0.10560881346464157,"epoch":201,"atcha_0001*atsha_0001":0.13426579535007477,"atca_0001*atcha_0001":0.15331098437309265,"acha_0001*asha_0001":0.11552367359399796,"aca_0001*atsa_0001":0.0903940349817276,"atsha_0001*asha_0001":0.057018205523490906,"atca_0001*atsa_0001":0.02522103860974312,"atsa_0001*asa_0001":0.1434849202632904,"asha_0001*atcha_0001":0.07914374768733978,"atsha_0001*acha_0001":0.16521809995174408,"_timestamp":1.7702765655054245e+09,"train_loss":0.06453911545872688,"aca_0001*asa_0001":0.08395030349493027,"_step":3414,"test_loss":2.1005236451476814,"_runtime":760,"_wandb":{"runtime":760},"atsa_0001*atsha_0001":0.012582127936184406,"acha_0001*atcha_0001":0.06029433384537697}