{"_wandb":{"runtime":1189},"atsha_0001*asha_0001":0.032806724309921265,"_timestamp":1.7709667398841813e+09,"train_loss":0.0006596674756146968,"_runtime":1189,"aca_0001*asa_0001":0.0405326746404171,"test_loss":0.002404236298869364,"epoch":301,"_step":1502,"acha_0001*acha_0002":0.022109221667051315}