{"_wandb":{"runtime":727},"_runtime":727,"aca_0001*atca_0001":12.941632270812988,"acha_0001*asha_0001":6.619553089141846,"atsha_0001*asha_0001":1.7126712799072266,"_timestamp":1.7703628599373e+09,"atca_0001*asa_0001":2.9456958770751953,"_step":3414,"test_loss":3.30413184763724,"aca_0001*atsa_0001":8.940671920776367,"atca_0001*atsa_0001":4.025106906890869,"acha_0001*atcha_0001":10.035255432128906,"asha_0001*atcha_0001":3.4203038215637207,"atsha_0001*acha_0001":7.9868316650390625,"train_loss":0.004161959557794035,"aca_0001*asa_0001":15.541104316711426,"acha_0001*acha_0002":1.093969702720642,"atcha_0001*atsha_0001":2.349444627761841,"atca_0001*atcha_0001":0.7264364957809448,"atsa_0001*asa_0001":6.7991509437561035,"atsa_0001*atsha_0001":1.3497945070266724,"epoch":201}