{"train_loss":0.0009436571137048304,"aca_0001*asa_0001":0.023889631032943726,"test_loss":0.002829065421130508,"_timestamp":1.770878981093827e+09,"_runtime":868,"acha_0001*asha_0001":0.024535829201340675,"_wandb":{"runtime":868},"_step":1002,"epoch":201,"acha_0001*acha_0002":0.017967987805604935}