{"aca_0001*atca_0001":0.04955453425645828,"aca_0001*asa_0001":0.06706339120864868,"atca_0001*asa_0001":0.030186189338564873,"_timestamp":1.7702735347917545e+09,"train_loss":0.000921989768743515,"atcha_0001*atsha_0001":0.023961255326867104,"epoch":201,"atsa_0001*asa_0001":0.04143887013196945,"_runtime":871,"_wandb":{"runtime":871},"asha_0001*atcha_0001":0.020176343619823456,"acha_0001*acha_0002":0.021178407594561577,"atsha_0001*acha_0001":0.04275912418961525,"acha_0001*asha_0001":0.02534186653792858,"acha_0001*atcha_0001":0.03748194873332977,"aca_0001*atsa_0001":0.0582616925239563,"atca_0001*atsa_0001":0.01718028448522091,"atsha_0001*asha_0001":0.029651781544089317,"atsa_0001*atsha_0001":0.03716514632105827,"atca_0001*atcha_0001":0.019188350066542625,"_step":3414,"test_loss":0.0035186815035995094}