{"acha_0001*acha_0002":0.022097086533904076,"test_loss":4.583163478111382,"train_loss":0.0010126792571973056,"_timestamp":1.7708786181896596e+09,"aca_0001*asa_0001":1.3471239805221558,"epoch":201,"acha_0001*asha_0001":0.25897878408432007,"_runtime":732,"_wandb":{"runtime":732},"_step":1002}