{"atca_0001*atsa_0001":0.02303040213882923,"atca_0001*asa_0001":0.030392320826649666,"train_loss":0.0009559773856308311,"epoch":201,"atcha_0001*atsha_0001":0.009479528293013573,"acha_0001*acha_0002":0.016245445236563683,"aca_0001*atca_0001":0.04115018993616104,"atsa_0001*asa_0001":0.05165356025099754,"aca_0001*asa_0001":0.05871251970529556,"atca_0001*atcha_0001":0.00720473425462842,"aca_0001*atsa_0001":0.035363223403692245,"_step":3414,"acha_0001*asha_0001":0.02171565406024456,"atsa_0001*atsha_0001":0.027112940326333046,"asha_0001*atcha_0001":0.029825152829289436,"test_loss":0.003992611769703217,"acha_0001*atcha_0001":0.034725625067949295,"_runtime":772,"_wandb":{"runtime":772},"atsha_0001*asha_0001":0.03129205107688904,"_timestamp":1.7702743100702488e+09,"atsha_0001*acha_0001":0.039566412568092346}