{"test_loss":7.5836747148386205,"atca_0001*atcha_0001":0.9359198808670044,"atsha_0001*asha_0001":0.494476318359375,"atsa_0001*asa_0001":13.553439140319824,"_wandb":{"runtime":726},"train_loss":0.0036278643570840357,"epoch":201,"acha_0001*acha_0002":1.347944974899292,"acha_0001*asha_0001":4.859883785247803,"atsa_0001*atsha_0001":1.0958963632583618,"aca_0001*asa_0001":20.657855987548828,"acha_0001*atcha_0001":4.604057312011719,"atcha_0001*atsha_0001":0.4615495204925537,"_step":3414,"aca_0001*atsa_0001":7.537990570068359,"asha_0001*atcha_0001":0.6266945004463196,"atca_0001*atsa_0001":2.160022020339966,"_runtime":726,"atsha_0001*acha_0001":4.403392314910889,"_timestamp":1.7707852278978095e+09,"aca_0001*atca_0001":9.629972457885742,"atca_0001*asa_0001":11.420063018798828}