{"atca_0001*atsa_0001":0.02531539276242256,"atsa_0001*atsha_0001":0.012770211324095726,"aca_0001*asa_0001":0.08410919457674026,"epoch":201,"_timestamp":1.7702765108105016e+09,"atsha_0001*asha_0001":0.05721856281161308,"atsa_0001*asa_0001":0.14352811872959137,"acha_0001*asha_0001":0.11551128327846527,"aca_0001*atca_0001":0.10555461794137955,"aca_0001*atsa_0001":0.0901774987578392,"train_loss":0.06455066311359406,"test_loss":2.1006009299829604,"atcha_0001*atsha_0001":0.13416987657546997,"asha_0001*atcha_0001":0.0788358747959137,"_wandb":{"runtime":748},"atsha_0001*acha_0001":0.16543442010879517,"acha_0001*atcha_0001":0.0605783686041832,"atca_0001*asa_0001":0.15985526144504547,"atca_0001*atcha_0001":0.1530463844537735,"acha_0001*acha_0002":0.022714264690876007,"_step":3414,"_runtime":748}