{"atca_0001*atsa_0001":0.06796763092279434,"epoch":201,"_timestamp":1.7701752407218065e+09,"atca_0001*atcha_0001":0.21215468645095825,"test_loss":8.865124097630382,"acha_0001*acha_0002":0.0370064377784729,"atsa_0001*asa_0001":0.2089569866657257,"_step":3414,"aca_0001*atca_0001":0.32065173983573914,"asha_0001*atcha_0001":0.20525476336479187,"acha_0001*asha_0001":0.4407273232936859,"atsha_0001*acha_0001":0.43163177371025085,"aca_0001*asa_0001":0.1906474083662033,"atsa_0001*atsha_0001":0.09018278121948242,"_runtime":764,"atsha_0001*asha_0001":0.03075784258544445,"atcha_0001*atsha_0001":0.19299405813217163,"train_loss":2.9176471104008784e-08,"aca_0001*atsa_0001":0.387772798538208,"_wandb":{"runtime":764},"acha_0001*atcha_0001":0.2464577555656433,"atca_0001*asa_0001":0.14244428277015686}