{"aca_0001*asa_0001":0.2813584804534912,"acha_0001*acha_0002":0.020922154188156128,"acha_0001*asha_0001":0.044269636273384094,"_wandb":{"runtime":742},"train_loss":0.057796823754906655,"test_loss":3.5677288556173443,"_timestamp":1.770875705039697e+09,"_runtime":742,"_step":1002,"epoch":201}