{"_runtime":747,"acha_0001*acha_0002":0.14178664982318878,"aca_0001*asa_0001":0.8670181035995483,"acha_0001*asha_0001":0.25784948468208313,"_timestamp":1.7708824541542995e+09,"train_loss":0.0008384364966768772,"epoch":201,"_step":1002,"test_loss":0.0035667123440653085,"_wandb":{"runtime":747}}