{"atsha_0001*asha_0001":0.04623645916581154,"train_loss":0.0006650134332012386,"epoch":301,"_wandb":{"runtime":1106},"_runtime":1106,"test_loss":0.0021074444968253374,"_step":1502,"aca_0001*asa_0001":0.08361726999282837,"_timestamp":1.7709655483291512e+09,"acha_0001*acha_0002":0.02098792977631092}