{"_runtime":1954,"test_loss":10.644430383205414,"acha_0001*asha_0001":13.51457691192627,"atca_0001*atsa_0001":6.287436485290527,"aca_0001*atca_0001":7.944014072418213,"atsa_0001*atsha_0001":1.094879388809204,"acha_0001*atcha_0001":1.033038854598999,"atca_0001*asa_0001":4.6353373527526855,"atsa_0001*asa_0001":1.655441403388977,"train_loss":2.9632447024141584e-07,"atcha_0001*atsha_0001":16.351871490478516,"_step":3414,"asha_0001*atcha_0001":14.383776664733887,"atsha_0001*asha_0001":1.9695384502410889,"_timestamp":1.76783241313904e+09,"aca_0001*asa_0001":12.529274940490723,"acha_0001*acha_0002":1.673676609992981,"atsha_0001*acha_0001":15.483414649963379,"_wandb":{"runtime":1954},"atca_0001*atcha_0001":9.077112197875977,"aca_0001*atsa_0001":14.183202743530273,"epoch":201}