{"_runtime":805,"epoch":201,"aca_0001*asa_0001":0.07910683751106262,"acha_0001*asha_0001":0.02849864773452282,"_timestamp":1.7708749918909385e+09,"acha_0001*acha_0002":0.011487588286399841,"_wandb":{"runtime":805},"_step":1002,"train_loss":0.0008378720276523381,"test_loss":0.003987379338475876}