{"aca_0001*atsa_0001":0.996601939201355,"atca_0001*asa_0001":0.9969298243522644,"epoch":101,"acha_0001*asha_0001":0.9956174492835999,"atsha_0001*asha_0001":0.9998047351837158,"atca_0001*atcha_0001":0.9974471926689148,"test_loss":40012.39509375,"asha_0001*atcha_0001":0.9928786158561707,"train_loss":50376.2182890625,"_step":1714,"aca_0001*asa_0001":0.9958385825157166,"_runtime":1126,"acha_0001*atcha_0001":0.9996305704116821,"atsha_0001*acha_0001":0.9972442388534546,"acha_0001*acha_0002":0.9997670650482178,"_timestamp":1.7664180742269144e+09,"_wandb":{"runtime":1126},"atsa_0001*atsha_0001":0.9992294311523438,"atca_0001*atsa_0001":0.9975880980491638,"aca_0001*atca_0001":0.999860405921936,"atcha_0001*atsha_0001":0.995002806186676,"atsa_0001*asa_0001":0.9999440908432007}