{"atsha_0001*asha_0001":0.023757027462124825,"test_loss":0.004391939490451477,"_runtime":861,"_step":1002,"_wandb":{"runtime":861},"epoch":201,"aca_0001*asa_0001":0.10290954262018204,"_timestamp":1.77089052144937e+09,"train_loss":0.0009915614516939968,"acha_0001*acha_0002":0.022828128188848495}