{"asha_0001*atcha_0001":2.6882946491241455,"atca_0001*asa_0001":14.33349609375,"aca_0001*asa_0001":27.92593765258789,"atcha_0001*atsha_0001":3.8871524333953857,"test_loss":0.07162717998609879,"_runtime":737,"acha_0001*acha_0002":0.2231525480747223,"aca_0001*atca_0001":13.597509384155273,"_wandb":{"runtime":737},"acha_0001*asha_0001":12.115506172180176,"acha_0001*atcha_0001":14.781349182128906,"atca_0001*atsa_0001":5.3123321533203125,"atsa_0001*asa_0001":19.64100456237793,"atsha_0001*asha_0001":6.5513691902160645,"atsa_0001*atsha_0001":12.595643997192383,"train_loss":0.00108778844634071,"aca_0001*atsa_0001":8.298369407653809,"atca_0001*atcha_0001":3.4143307209014893,"atsha_0001*acha_0001":18.65875244140625,"epoch":201,"_timestamp":1.7703614394325778e+09,"_step":3414}