{"epoch":201,"acha_0001*asha_0001":0.0364743135869503,"_wandb":{"runtime":757},"_runtime":757,"train_loss":0.023258220553398132,"asha_0001*atcha_0001":0.1724345088005066,"aca_0001*atca_0001":0.06531298160552979,"_timestamp":1.7702742782724774e+09,"atsa_0001*atsha_0001":0.13631707429885864,"atca_0001*atcha_0001":0.0709538385272026,"acha_0001*acha_0002":0.04773183539509773,"atsha_0001*acha_0001":0.1405741274356842,"test_loss":2.95791253837198,"aca_0001*asa_0001":0.07946842908859253,"aca_0001*atsa_0001":0.086297407746315,"atcha_0001*atsha_0001":0.06778497248888016,"atca_0001*asa_0001":0.030927905812859535,"acha_0001*atcha_0001":0.2046847939491272,"_step":3414,"atca_0001*atsa_0001":0.13219352066516876,"atsa_0001*asa_0001":0.13403120636940002,"atsha_0001*asha_0001":0.10770559310913086}