{"atca_0001*atsa_0001":0.01764179952442646,"atsha_0001*asha_0001":0.01620020717382431,"_step":3414,"_wandb":{"runtime":780},"aca_0001*asa_0001":0.053405728191137314,"atsa_0001*atsha_0001":0.01919475570321083,"acha_0001*acha_0002":0.013646237552165985,"asha_0001*atcha_0001":0.02381090819835663,"epoch":201,"atsa_0001*asa_0001":0.03304421156644821,"acha_0001*asha_0001":0.029324708506464958,"atsha_0001*acha_0001":0.04285068064928055,"test_loss":0.0027292707388987766,"acha_0001*atcha_0001":0.0234808512032032,"_timestamp":1.7702758834380283e+09,"train_loss":0.0009030049627181142,"aca_0001*atca_0001":0.04603167623281479,"aca_0001*atsa_0001":0.03812162205576897,"atcha_0001*atsha_0001":0.028259607031941414,"atca_0001*atcha_0001":0.02235303819179535,"atca_0001*asa_0001":0.020342202857136726,"_runtime":780}