{"aca_0001*atca_0001":8.223038673400879,"atsha_0001*asha_0001":0.5619028806686401,"atsa_0001*atsha_0001":0.6928392648696899,"aca_0001*asa_0001":17.117795944213867,"_runtime":728,"asha_0001*atcha_0001":0.6366109251976013,"atca_0001*atcha_0001":0.7765041589736938,"train_loss":0.0009726170487701893,"acha_0001*acha_0002":1.1610305309295654,"_wandb":{"runtime":728},"test_loss":0.022046873622108252,"atcha_0001*atsha_0001":0.6017400026321411,"_step":3414,"epoch":201,"atsa_0001*asa_0001":10.866625785827637,"atca_0001*asa_0001":9.193168640136719,"_timestamp":1.770785241646486e+09,"atca_0001*atsa_0001":1.6934551000595093,"atsha_0001*acha_0001":3.5287017822265625,"acha_0001*asha_0001":4.0835280418396,"acha_0001*atcha_0001":3.8676748275756836,"aca_0001*atsa_0001":6.580716133117676}