{"test_loss":0.0010338391029508784,"_wandb":{"runtime":1561},"atca_0001*atcha_0001":0.05446990206837654,"_timestamp":1.7696098795011592e+09,"aca_0001*asa_0001":0.06587307900190353,"acha_0001*asha_0001":0.05206066370010376,"_runtime":1561,"atcha_0001*atsha_0001":0.09796673059463501,"atca_0001*asa_0001":0.0862802267074585,"acha_0001*acha_0002":0.027615424245595932,"aca_0001*atca_0001":0.09300972521305084,"train_loss":0.00066722709487658,"aca_0001*atsa_0001":0.09652698040008545,"atsha_0001*acha_0001":0.08882509171962738,"epoch":201,"atsa_0001*atsha_0001":0.03217102959752083,"atsha_0001*asha_0001":0.04513169080018997,"atsa_0001*asa_0001":0.06696344166994095,"_step":3414,"acha_0001*atcha_0001":0.07504912465810776,"asha_0001*atcha_0001":0.09049388021230698,"atca_0001*atsa_0001":0.05550079420208931}