{"test_loss":3.7577355628488585,"_step":1002,"epoch":201,"_timestamp":1.7708764141555643e+09,"train_loss":0.0013347701192833483,"acha_0001*asha_0001":0.14500555396080017,"_runtime":730,"aca_0001*asa_0001":0.40894538164138794,"acha_0001*acha_0002":0.03964410722255707,"_wandb":{"runtime":730}}