{"test_loss":2.065001718267798,"_runtime":761,"aca_0001*asa_0001":0.19878505170345306,"epoch":201,"acha_0001*acha_0002":0.022735247388482094,"train_loss":0.07304787242412566,"_step":1002,"_wandb":{"runtime":761},"_timestamp":1.7708912817437406e+09,"atsha_0001*asha_0001":0.09798771888017654}