{"atca_0001*asa_0001":0.999467134475708,"_wandb":{"runtime":1701},"_runtime":1701,"epoch":201,"asha_0001*atcha_0001":0.9998197555541992,"aca_0001*asa_0001":0.9995822310447693,"_timestamp":1.7663119194131444e+09,"acha_0001*asha_0001":0.9999203681945801,"atcha_0001*atsha_0001":0.9999173879623413,"_step":3414,"test_loss":43553.60546484375,"acha_0001*acha_0002":1,"atca_0001*atcha_0001":0.9999898672103882,"aca_0001*atsa_0001":0.9999269247055054,"atsha_0001*acha_0001":0.9999786615371704,"atsha_0001*asha_0001":0.9999810457229614,"atsa_0001*atsha_0001":0.9999727010726929,"atsa_0001*asa_0001":0.9998574256896973,"aca_0001*atca_0001":0.9999929070472717,"acha_0001*atcha_0001":0.9999796748161316,"atca_0001*atsa_0001":0.9998753070831299,"train_loss":49181.0358515625}