{"_wandb":{"runtime":815},"_runtime":815,"aca_0001*asa_0001":0.10906939953565598,"atsa_0001*atsha_0001":0.03935437649488449,"aca_0001*atca_0001":0.04960322380065918,"acha_0001*asha_0001":0.0401817187666893,"atsha_0001*acha_0001":0.07631571590900421,"epoch":201,"acha_0001*atcha_0001":0.05869944766163826,"acha_0001*acha_0002":0.04075905680656433,"atsa_0001*asa_0001":0.1614314168691635,"train_loss":0.03435988211631775,"atsha_0001*asha_0001":0.04630183428525925,"atca_0001*atcha_0001":0.06747474521398544,"atca_0001*asa_0001":0.07188189774751663,"_timestamp":1.7701952610717747e+09,"aca_0001*atsa_0001":0.07619690895080566,"test_loss":2.3549121154397725,"atca_0001*atsa_0001":0.09108768403530121,"atcha_0001*atsha_0001":0.1184019073843956,"_step":3414,"asha_0001*atcha_0001":0.07359939068555832}