{"atca_0001*atsa_0001":0.5328542590141296,"_step":3414,"aca_0001*asa_0001":1.32753324508667,"atsha_0001*acha_0001":2.05079984664917,"epoch":201,"acha_0001*atcha_0001":0.8568321466445923,"atsha_0001*asha_0001":0.9935504794120789,"atcha_0001*atsha_0001":1.1949869394302368,"asha_0001*atcha_0001":0.2108968049287796,"aca_0001*atsa_0001":2.409365177154541,"atsa_0001*asa_0001":1.0876548290252686,"train_loss":0.002475686727790162,"_timestamp":1.7679434776583567e+09,"_runtime":1586,"atsa_0001*atsha_0001":0.16084550321102142,"test_loss":10.183833967008017,"acha_0001*acha_0002":0.3535776734352112,"atca_0001*asa_0001":0.6155753135681152,"aca_0001*atca_0001":1.9026795625686646,"_wandb":{"runtime":1586},"acha_0001*asha_0001":1.058306336402893,"atca_0001*atcha_0001":0.5470789670944214}