{"acha_0001*atcha_0001":0.0824170783162117,"_runtime":1533,"_step":3414,"atca_0001*asa_0001":0.1441081315279007,"aca_0001*atca_0001":0.1196032464504242,"atsa_0001*atsha_0001":0.08143947273492813,"atcha_0001*atsha_0001":0.11339576542377472,"aca_0001*asa_0001":0.10259892046451569,"acha_0001*acha_0002":0.0320126935839653,"atsa_0001*asa_0001":0.09447973966598511,"atca_0001*atcha_0001":0.08180387318134308,"aca_0001*atsa_0001":0.1346033215522766,"_wandb":{"runtime":1533},"atsha_0001*acha_0001":0.10539214313030243,"train_loss":0.0006899278963683173,"asha_0001*atcha_0001":0.15651223063468933,"epoch":201,"atca_0001*atsa_0001":0.09630674868822098,"atsha_0001*asha_0001":0.08306362479925156,"_timestamp":1.769608267158312e+09,"acha_0001*asha_0001":0.10848569124937057,"test_loss":0.0007869293776457198}