{"acha_0001*acha_0002":1.4386684894561768,"atsha_0001*asha_0001":3.3414652347564697,"atsa_0001*asa_0001":18.946638107299805,"_timestamp":1.7707874791028948e+09,"_step":3414,"_wandb":{"runtime":772},"test_loss":0.019893023530370556,"atca_0001*asa_0001":15.296533584594727,"acha_0001*asha_0001":8.527098655700684,"atca_0001*atcha_0001":2.797344207763672,"asha_0001*atcha_0001":2.3146798610687256,"acha_0001*atcha_0001":10.769845962524414,"atsha_0001*acha_0001":5.23056173324585,"aca_0001*atca_0001":11.135420799255371,"aca_0001*asa_0001":26.354087829589844,"atsa_0001*atsha_0001":0.9645471572875977,"aca_0001*atsa_0001":7.461266994476318,"train_loss":0.001045839080121368,"_runtime":772,"atca_0001*atsa_0001":3.6778645515441895,"atcha_0001*atsha_0001":5.571328163146973,"epoch":201}