{"asha_0001*atcha_0001":1.8999098539352417,"_runtime":840,"atca_0001*asa_0001":6.63701868057251,"acha_0001*acha_0002":0.7043554782867432,"atcha_0001*atsha_0001":4.487810134887695,"aca_0001*atsa_0001":4.015712738037109,"atca_0001*atsa_0001":1.6941014528274536,"_wandb":{"runtime":840},"_step":3414,"atca_0001*atcha_0001":3.493690252304077,"acha_0001*atcha_0001":5.103165626525879,"atsa_0001*atsha_0001":0.7010195255279541,"epoch":201,"train_loss":0.001031419187085703,"atsa_0001*asa_0001":8.327055931091309,"atsha_0001*asha_0001":2.8247313499450684,"atsha_0001*acha_0001":0.7314472794532776,"test_loss":0.008284358924487605,"_timestamp":1.77036376331051e+09,"acha_0001*asha_0001":3.5142836570739746,"aca_0001*atca_0001":5.671021938323975,"aca_0001*asa_0001":12.213532447814941}