{"asha_0001*atcha_0001":0.8699675798416138,"_step":3414,"acha_0001*asha_0001":8.514820098876953,"atca_0001*atsa_0001":1.9898481369018555,"aca_0001*atca_0001":11.056218147277832,"train_loss":0.15776907470822335,"epoch":201,"_runtime":730,"aca_0001*atsa_0001":9.079352378845215,"atca_0001*atcha_0001":0.7761527895927429,"atsa_0001*atsha_0001":1.1195989847183228,"atca_0001*asa_0001":6.2052412033081055,"test_loss":2.447590879775584,"_wandb":{"runtime":730},"acha_0001*acha_0002":0.26122453808784485,"acha_0001*atcha_0001":8.089638710021973,"atsha_0001*acha_0001":6.662246227264404,"atcha_0001*atsha_0001":1.5807816982269287,"aca_0001*asa_0001":17.253084182739258,"atsa_0001*asa_0001":8.193137168884277,"atsha_0001*asha_0001":1.8529114723205566,"_timestamp":1.7703621429000793e+09}