{"aca_0001*asa_0001":0.662572979927063,"acha_0001*acha_0002":0.07200120389461517,"_runtime":747,"_step":1002,"acha_0001*asha_0001":0.19425494968891144,"_timestamp":1.7708832040637426e+09,"epoch":201,"test_loss":0.004598699979134835,"_wandb":{"runtime":747},"train_loss":0.0008628356528934091}