{"train_loss":0.0008145791396964342,"_runtime":873,"aca_0001*asa_0001":0.0402565598487854,"_step":1002,"_wandb":{"runtime":873},"epoch":201,"test_loss":0.0026325129477772864,"_timestamp":1.770890533625777e+09,"acha_0001*acha_0002":0.01949918083846569,"atsha_0001*asha_0001":0.02216845192015171}