{"asha_0001*atcha_0001":0.04170733690261841,"_step":3399,"atsa_0001*atsha_0001":0.13122326135635376,"_runtime":687,"atsha_0001*asha_0001":0.14603446424007416,"acha_0001*acha_0002":0.046343009918928146,"atca_0001*asa_0001":0.03690320998430252,"train_loss":4.0190641695517117e-05,"_timestamp":1.7701777043810863e+09,"atca_0001*atcha_0001":0.0780395045876503,"atcha_0001*atsha_0001":0.11960399150848389,"aca_0001*atca_0001":0.14437280595302582,"aca_0001*atsa_0001":0.06824767589569092,"atsa_0001*asa_0001":0.1196996346116066,"_wandb":{"runtime":687},"atsha_0001*acha_0001":0.06629125773906708,"atca_0001*atsa_0001":0.09146382659673691,"aca_0001*asa_0001":0.16925831139087677,"epoch":291,"acha_0001*asha_0001":0.1068432554602623,"acha_0001*atcha_0001":0.07583308219909668,"test_loss":6.047356343895226}