{"atca_0001*atcha_0001":8.550604820251465,"atca_0001*atsa_0001":1.1598340272903442,"atsha_0001*asha_0001":12.582657814025879,"test_loss":9.95599555015564,"atcha_0001*atsha_0001":11.098875045776367,"_wandb":{"runtime":1522},"aca_0001*atsa_0001":14.927107810974121,"atsa_0001*asa_0001":11.920059204101562,"train_loss":2.9802320611338473e-11,"aca_0001*atca_0001":16.08611488342285,"atsa_0001*atsha_0001":3.7039613723754883,"_runtime":1522,"aca_0001*asa_0001":3.0233631134033203,"acha_0001*asha_0001":7.481632232666016,"asha_0001*atcha_0001":1.695373296737671,"_timestamp":1.7696097659111178e+09,"epoch":201,"acha_0001*atcha_0001":9.07755184173584,"_step":3414,"atsha_0001*acha_0001":20.044090270996094,"atca_0001*asa_0001":13.078876495361328,"acha_0001*acha_0002":0.19570273160934448}