{"acha_0001*acha_0002":0.02107260376214981,"epoch":201,"_timestamp":1.7701765889700265e+09,"_wandb":{"runtime":766},"aca_0001*asa_0001":0.05871112644672394,"acha_0001*asha_0001":0.022812455892562866,"atca_0001*atcha_0001":0.019883600994944572,"atcha_0001*atsha_0001":0.021203018724918365,"atsha_0001*acha_0001":0.04182044044137001,"atsa_0001*atsha_0001":0.045144565403461456,"acha_0001*atcha_0001":0.03331334516406059,"_runtime":766,"_step":3414,"aca_0001*atca_0001":0.04544033482670784,"atca_0001*asa_0001":0.036493103951215744,"test_loss":0.0029229050411377104,"aca_0001*atsa_0001":0.05654741823673248,"atsa_0001*asa_0001":0.04481294006109238,"atsha_0001*asha_0001":0.03299468010663986,"train_loss":0.0009202377914916724,"atca_0001*atsa_0001":0.017564555630087852,"asha_0001*atcha_0001":0.020863668993115425}