{"aca_0001*asa_0001":0.7485974431037903,"train_loss":0.0008658872542437165,"epoch":201,"acha_0001*asha_0001":0.21934211254119873,"_runtime":748,"test_loss":0.003890936927869916,"_timestamp":1.7708809546969929e+09,"acha_0001*acha_0002":0.05316663160920143,"_wandb":{"runtime":748},"_step":1002}