{"atsha_0001*asha_0001":0.08962056040763855,"aca_0001*atca_0001":0.11642001569271088,"atca_0001*atcha_0001":0.057018205523490906,"atca_0001*atsa_0001":0.05899924784898758,"aca_0001*atsa_0001":0.06983616948127747,"atsa_0001*atsha_0001":0.07790496200323105,"atcha_0001*atsha_0001":0.07924610376358032,"atca_0001*asa_0001":0.03422151505947113,"epoch":201,"aca_0001*asa_0001":0.13692088425159454,"_step":3414,"acha_0001*asha_0001":0.054748501628637314,"_runtime":801,"acha_0001*acha_0002":0.03619873523712158,"asha_0001*atcha_0001":0.03150833025574684,"_wandb":{"runtime":801},"acha_0001*atcha_0001":0.0390625,"train_loss":0.033851593300700186,"_timestamp":1.7701944399470093e+09,"test_loss":2.7159038603156804,"atsa_0001*asa_0001":0.08379111438989639,"atsha_0001*acha_0001":0.0634915828704834}