{"aca_0001*atsa_0001":0.0027621358167380095,"atsa_0001*atsha_0001":0.001953125,"atsa_0001*asa_0001":9.999999747378752e-05,"acha_0001*asha_0001":0.001953125,"atca_0001*atsa_0001":0.001953125,"_wandb":{"runtime":1827},"acha_0001*atcha_0001":9.999999747378752e-05,"test_loss":11.18393099451065,"_runtime":1827,"epoch":201,"atcha_0001*atsha_0001":9.999999747378752e-05,"asha_0001*atcha_0001":9.999999747378752e-05,"acha_0001*acha_0002":0.001953125,"train_loss":0.012024592872010544,"atca_0001*asa_0001":0.001953125,"atsha_0001*acha_0001":0.001953125,"_timestamp":1.7678899154705997e+09,"_step":3414,"aca_0001*asa_0001":9.999999747378752e-05,"atsha_0001*asha_0001":9.999999747378752e-05,"aca_0001*atca_0001":0.001953125,"atca_0001*atcha_0001":0.0033829116728156805}