{"_wandb":{"runtime":850},"test_loss":3.4141497677080332,"_runtime":850,"epoch":201,"train_loss":0.009535819932818412,"aca_0001*asa_0001":0.03558763116598129,"_step":1002,"atsha_0001*asha_0001":0.031066354364156723,"_timestamp":1.7708905104234078e+09,"acha_0001*acha_0002":0.022226184606552124}