{"acha_0001*acha_0002":0.013047254644334316,"test_loss":0.004602453950792551,"atsha_0001*asha_0001":0.01039391290396452,"_runtime":765,"_timestamp":1.7708920561508844e+09,"aca_0001*asa_0001":0.0876995101571083,"epoch":201,"_step":1002,"train_loss":0.0009853961733169855,"_wandb":{"runtime":765}}