{"epoch":201,"train_loss":0.0009593331331852824,"aca_0001*asa_0001":0.06920665502548218,"test_loss":0.00360960762843024,"acha_0001*atcha_0001":0.048948902636766434,"aca_0001*atsa_0001":0.03249421343207359,"_runtime":768,"atca_0001*atcha_0001":0.016633395105600357,"_step":3414,"atcha_0001*atsha_0001":0.021383916959166527,"aca_0001*atca_0001":0.048536498099565506,"atsha_0001*asha_0001":0.02674022503197193,"atsha_0001*acha_0001":0.04679713025689125,"atsa_0001*atsha_0001":0.023573480546474457,"atca_0001*atsa_0001":0.02284444123506546,"asha_0001*atcha_0001":0.03247150778770447,"acha_0001*asha_0001":0.024580730125308037,"_wandb":{"runtime":768},"acha_0001*acha_0002":0.017022792249917984,"_timestamp":1.7701773594490905e+09,"atsa_0001*asa_0001":0.046971142292022705,"atca_0001*asa_0001":0.030252141878008842}