{"aca_0001*asa_0001":0.0945262536406517,"epoch":201,"_timestamp":1.7708780391819756e+09,"acha_0001*acha_0002":0.029980627819895744,"_step":1002,"train_loss":0.0008222046352457255,"_runtime":762,"acha_0001*asha_0001":0.03664061799645424,"test_loss":0.0030564983644289895,"_wandb":{"runtime":762}}