{"acha_0001*acha_0002":0.011779626831412315,"aca_0001*asa_0001":0.05247674882411957,"epoch":301,"test_loss":0.002847349644289352,"_wandb":{"runtime":1211},"acha_0001*asha_0001":0.031003456562757492,"train_loss":0.0007410741753410548,"_runtime":1211,"_timestamp":1.7709604956829758e+09,"_step":1502}