{"acha_0001*asha_0001":0.041882749646902084,"aca_0001*atsa_0001":0.049088962376117706,"_timestamp":1.7702766460166261e+09,"atcha_0001*atsha_0001":0.04404488950967789,"atsha_0001*acha_0001":0.050759825855493546,"atsa_0001*asa_0001":0.07365929335355759,"aca_0001*asa_0001":0.06912823766469955,"atca_0001*atsa_0001":0.017879029735922813,"_runtime":777,"aca_0001*atca_0001":0.046652901917696,"train_loss":0.0009312244255561382,"acha_0001*atcha_0001":0.05936810374259949,"_step":3414,"_wandb":{"runtime":777},"test_loss":0.004399096252163872,"atsa_0001*atsha_0001":0.012953264638781548,"atsha_0001*asha_0001":0.026814933866262436,"asha_0001*atcha_0001":0.023256877437233925,"acha_0001*acha_0002":0.014575011096894741,"atca_0001*atcha_0001":0.03407664597034454,"epoch":201,"atca_0001*asa_0001":0.06395412981510162}