{"_wandb":{"runtime":777},"_timestamp":1.7708765500358589e+09,"test_loss":0.0028362569267628714,"_runtime":777,"acha_0001*acha_0002":0.012074475176632404,"_step":1002,"aca_0001*asa_0001":0.032560523599386215,"epoch":201,"acha_0001*asha_0001":0.01302439346909523,"train_loss":0.0008581347607541829}