{"_wandb":{"runtime":1100},"acha_0001*asha_0001":0.043285418301820755,"acha_0001*acha_0002":0.03719159960746765,"train_loss":0.0006617686683312059,"test_loss":0.0017778371867025271,"_runtime":1100,"aca_0001*asa_0001":0.08149361610412598,"epoch":301,"_timestamp":1.7709655238808181e+09,"_step":1502}