{"_wandb":{"runtime":734},"test_loss":4.618196767026559,"_step":1002,"acha_0001*acha_0002":0.015867263078689575,"_timestamp":1.7708749503293402e+09,"epoch":201,"acha_0001*asha_0001":0.1674911379814148,"train_loss":0.008603157717734575,"aca_0001*asa_0001":0.6102601289749146,"_runtime":734}