{"acha_0001*atcha_0001":0.0851350948214531,"epoch":201,"atcha_0001*atsha_0001":0.11772692948579788,"atsha_0001*asha_0001":0.07225820422172546,"atsa_0001*asa_0001":0.07495077699422836,"train_loss":0.0006583616901189088,"atca_0001*asa_0001":0.11976932734251022,"acha_0001*asha_0001":0.08995811641216278,"atsa_0001*atsha_0001":0.07205085456371307,"atca_0001*atsa_0001":0.09327961504459381,"_runtime":1621,"aca_0001*atca_0001":0.13271641731262207,"_wandb":{"runtime":1621},"atsha_0001*acha_0001":0.11582330614328384,"atca_0001*atcha_0001":0.08620964735746384,"_step":3414,"aca_0001*atsa_0001":0.12403016537427902,"aca_0001*asa_0001":0.07290530949831009,"acha_0001*acha_0002":0.030824627727270126,"_timestamp":1.7679252666455016e+09,"test_loss":0.0009120162384351715,"asha_0001*atcha_0001":0.13615694642066956}