{"_wandb":{"runtime":1106},"_step":1502,"epoch":301,"_timestamp":1.7709644399581378e+09,"acha_0001*acha_0002":0.01913430169224739,"train_loss":0.0006618155580945313,"aca_0001*asa_0001":0.0710933580994606,"atsha_0001*asha_0001":0.030275898054242134,"test_loss":0.0025356293264776467,"_runtime":1106}