{"atsha_0001*acha_0001":8.509469985961914,"atca_0001*asa_0001":16.277952194213867,"atsa_0001*asa_0001":16.412309646606445,"acha_0001*asha_0001":9.900839805603027,"atsha_0001*asha_0001":1.5617576837539673,"asha_0001*atcha_0001":9.81985855102539,"train_loss":0.0010928234809543936,"acha_0001*acha_0002":1.152413249015808,"atca_0001*atcha_0001":9.04818058013916,"_wandb":{"runtime":733},"epoch":201,"acha_0001*atcha_0001":19.659482955932617,"_timestamp":1.770360693252845e+09,"atsa_0001*atsha_0001":2.0132086277008057,"_step":3414,"atcha_0001*atsha_0001":11.15722370147705,"aca_0001*atca_0001":16.039844512939453,"atca_0001*atsa_0001":0.2816565930843353,"_runtime":733,"aca_0001*asa_0001":32.268951416015625,"test_loss":0.1633730081615504,"aca_0001*atsa_0001":15.935649871826172}