{"aca_0001*atsa_0001":17.088308334350586,"atsa_0001*atsha_0001":8.99216365814209,"_wandb":{"runtime":834},"atsa_0001*asa_0001":19.31758689880371,"atsha_0001*asha_0001":7.13149881362915,"_runtime":834,"_timestamp":1.7707837710070958e+09,"acha_0001*atcha_0001":15.003165245056152,"atca_0001*atsa_0001":7.942181587219238,"aca_0001*asa_0001":36.34959030151367,"aca_0001*atca_0001":25.025339126586914,"train_loss":0.0007126750419847668,"atsha_0001*acha_0001":21.472890853881836,"atca_0001*atcha_0001":5.457767963409424,"asha_0001*atcha_0001":0.6819735169410706,"atca_0001*asa_0001":11.407422065734863,"atcha_0001*atsha_0001":6.530876159667969,"epoch":201,"acha_0001*asha_0001":14.466666221618652,"acha_0001*acha_0002":0.18305273354053497,"_step":3414,"test_loss":12.841794870819314}