{"epoch":201,"acha_0001*acha_0002":0.829211413860321,"test_loss":0.01450976729649119,"asha_0001*atcha_0001":12.159995079040527,"atca_0001*asa_0001":3.150259256362915,"atsa_0001*atsha_0001":3.5187573432922363,"_wandb":{"runtime":737},"aca_0001*asa_0001":24.575057983398438,"train_loss":0.0010178354119416326,"_step":3414,"acha_0001*asha_0001":10.151803970336914,"atcha_0001*atsha_0001":13.299139022827148,"_timestamp":1.7707845257782786e+09,"atsha_0001*asha_0001":1.3926753997802734,"atca_0001*atcha_0001":5.719305038452148,"acha_0001*atcha_0001":22.024263381958008,"_runtime":737,"atsa_0001*asa_0001":14.252845764160156,"atca_0001*atsa_0001":11.122385025024414,"aca_0001*atsa_0001":10.509261131286621,"atsha_0001*acha_0001":8.847352981567383,"aca_0001*atca_0001":21.429927825927734}