{"_step":3414,"atca_0001*atsa_0001":0.004580484237521887,"epoch":201,"acha_0001*acha_0002":0.001953125,"atsa_0001*asa_0001":0.003088161814957857,"atcha_0001*atsha_0001":9.999999747378752e-05,"aca_0001*atca_0001":9.999999747378752e-05,"_runtime":1825,"test_loss":11.239166974544526,"atca_0001*atcha_0001":0.0027621358167380095,"asha_0001*atcha_0001":0.005167482886463404,"_timestamp":1.767887578509055e+09,"aca_0001*atsa_0001":0.004580484237521887,"atsha_0001*acha_0001":0.0033829116728156805,"_wandb":{"runtime":1825},"aca_0001*asa_0001":0.001953125,"acha_0001*asha_0001":0.001953125,"acha_0001*atcha_0001":0.005167482886463404,"atsha_0001*asha_0001":0.0033829116728156805,"atca_0001*asa_0001":0.001953125,"atsa_0001*atsha_0001":0.00569428876042366,"train_loss":2.7594387026752543e-07}