{"_wandb":{"runtime":765},"_runtime":765,"aca_0001*asa_0001":0.11380200833082199,"_timestamp":1.770893583744984e+09,"_step":1002,"acha_0001*acha_0002":0.045354995876550674,"train_loss":0.03713222366571427,"epoch":201,"atsha_0001*asha_0001":0.014745770022273064,"test_loss":2.7831154329553245}