{"aca_0001*atsa_0001":12.88478946685791,"atsha_0001*acha_0001":10.797612190246582,"atsa_0001*asa_0001":14.952423095703125,"acha_0001*acha_0002":1.3360474109649658,"_timestamp":1.7703606999020736e+09,"atcha_0001*atsha_0001":15.651847839355469,"_wandb":{"runtime":736},"atsa_0001*atsha_0001":1.4205114841461182,"atca_0001*atcha_0001":7.4892258644104,"acha_0001*atcha_0001":26.398672103881836,"atsha_0001*asha_0001":0.41420987248420715,"_runtime":736,"atca_0001*atsa_0001":9.584134101867676,"aca_0001*asa_0001":27.804153442382812,"asha_0001*atcha_0001":15.988003730773926,"epoch":201,"acha_0001*asha_0001":10.45964241027832,"atca_0001*asa_0001":5.391479969024658,"test_loss":0.019228514024522157,"_step":3414,"train_loss":0.001057298903586343,"aca_0001*atca_0001":22.46009635925293}