{"train_loss":0.00363368696346879,"_timestamp":1.7707852187762287e+09,"aca_0001*asa_0001":20.508296966552734,"acha_0001*atcha_0001":4.683624744415283,"atcha_0001*atsha_0001":0.5909163355827332,"_runtime":721,"atsa_0001*asa_0001":13.436355590820312,"test_loss":7.5652423780490645,"acha_0001*acha_0002":1.3064581155776978,"aca_0001*atca_0001":9.605905532836914,"atsha_0001*asha_0001":0.5239765048027039,"atca_0001*atsa_0001":2.165968894958496,"_wandb":{"runtime":721},"asha_0001*atcha_0001":0.6172987222671509,"atca_0001*atcha_0001":0.8221148252487183,"acha_0001*asha_0001":4.774765491485596,"epoch":201,"_step":3414,"aca_0001*atsa_0001":7.508255481719971,"atca_0001*asa_0001":11.297828674316406,"atsha_0001*acha_0001":4.287674903869629,"atsa_0001*atsha_0001":1.0450003147125244}