{"_runtime":761,"_timestamp":1.7708780260766811e+09,"acha_0001*acha_0002":0.008400708436965942,"train_loss":0.010142860002815723,"epoch":201,"test_loss":3.0081989395525306,"aca_0001*asa_0001":0.05697637423872948,"acha_0001*asha_0001":0.02231183461844921,"_wandb":{"runtime":761},"_step":1002}