{"atca_0001*asa_0001":19.4204158782959,"_wandb":{"runtime":738},"atsa_0001*asa_0001":16.972698211669922,"test_loss":0.018014974802033977,"aca_0001*atsa_0001":13.389182090759277,"atsa_0001*atsha_0001":0.5223578214645386,"aca_0001*asa_0001":30.1053409576416,"atca_0001*atsa_0001":2.5240602493286133,"atcha_0001*atsha_0001":0.8205914497375488,"_runtime":738,"aca_0001*atca_0001":10.866304397583008,"epoch":201,"train_loss":0.0010469487556256354,"acha_0001*acha_0002":0.7458329200744629,"acha_0001*atcha_0001":9.564043045043945,"atca_0001*atcha_0001":2.4128613471984863,"atsha_0001*acha_0001":10.08911418914795,"asha_0001*atcha_0001":3.0195236206054688,"_step":3414,"acha_0001*asha_0001":12.463207244873047,"_timestamp":1.7703621798202484e+09,"atsha_0001*asha_0001":2.37896728515625}