{"test_loss":0.0007980939233093522,"_wandb":{"runtime":1625},"aca_0001*atsa_0001":0.10836461186408997,"aca_0001*atca_0001":0.09536653012037277,"_timestamp":1.7679252534650834e+09,"atsa_0001*atsha_0001":0.0536804124712944,"atsha_0001*asha_0001":0.0592397041618824,"atca_0001*asa_0001":0.1142173781991005,"aca_0001*asa_0001":0.09472718834877014,"acha_0001*acha_0002":0.028584269806742668,"atcha_0001*atsha_0001":0.0818290039896965,"acha_0001*asha_0001":0.08813408762216568,"atsa_0001*asa_0001":0.06551298499107361,"acha_0001*atcha_0001":0.05366875231266022,"atca_0001*atcha_0001":0.051825135946273804,"asha_0001*atcha_0001":0.10432634502649307,"epoch":201,"atsha_0001*acha_0001":0.09674378484487534,"_step":3414,"atca_0001*atsa_0001":0.07073087245225906,"_runtime":1625,"train_loss":0.0006973721691174433}