{"_runtime":750,"train_loss":0.03625430831313133,"aca_0001*atca_0001":0.07186862826347351,"_wandb":{"runtime":750},"acha_0001*asha_0001":0.10680754482746124,"acha_0001*atcha_0001":0.1709960699081421,"aca_0001*atsa_0001":0.03158390894532204,"_timestamp":1.7701789336272347e+09,"atsha_0001*acha_0001":0.07968414574861526,"atcha_0001*atsha_0001":0.10168449580669403,"aca_0001*asa_0001":0.3380937874317169,"asha_0001*atcha_0001":0.0847642719745636,"atsha_0001*asha_0001":0.028100576251745224,"atsa_0001*atsha_0001":0.04968006908893585,"epoch":201,"acha_0001*acha_0002":0.008343753404915333,"test_loss":3.2304196421131492,"atca_0001*asa_0001":0.26880139112472534,"atca_0001*atsa_0001":0.069945327937603,"atca_0001*atcha_0001":0.07583308219909668,"atsa_0001*asa_0001":0.3375009000301361,"_step":3414}