{"test_loss":2.5133329278305174,"aca_0001*atsa_0001":0.0703531801700592,"train_loss":0.06226345355808735,"atca_0001*asa_0001":0.046681322157382965,"atca_0001*atsa_0001":0.13459567725658417,"_timestamp":1.7702758026292317e+09,"aca_0001*atca_0001":0.08459534496068954,"acha_0001*acha_0002":0.032623618841171265,"_runtime":758,"atca_0001*atcha_0001":0.07816161215305328,"_step":3414,"acha_0001*atcha_0001":0.11008766293525696,"atsa_0001*atsha_0001":0.09721580147743225,"acha_0001*asha_0001":0.031341418623924255,"epoch":201,"atsha_0001*acha_0001":0.04557524248957634,"atcha_0001*atsha_0001":0.11651008576154709,"_wandb":{"runtime":758},"aca_0001*asa_0001":0.12569615244865417,"asha_0001*atcha_0001":0.1189323216676712,"atsha_0001*asha_0001":0.017578125,"atsa_0001*asa_0001":0.1799394190311432}