{"epoch":301,"aca_0001*asa_0001":0.06968066096305847,"acha_0001*asha_0001":0.026811597868800163,"_step":1502,"_timestamp":1.770964970990208e+09,"acha_0001*acha_0002":0.022701140493154526,"test_loss":0.003926868374459445,"_wandb":{"runtime":1116},"train_loss":0.0007754503325559199,"_runtime":1116}