{"asha_0001*atcha_0001":18.385648727416992,"aca_0001*atsa_0001":20.882490158081055,"train_loss":0.005641937708482146,"acha_0001*asha_0001":12.775135040283203,"test_loss":7.329076738805976,"acha_0001*acha_0002":4.2721052169799805,"atca_0001*asa_0001":9.136757850646973,"atca_0001*atcha_0001":5.5596795082092285,"epoch":201,"aca_0001*asa_0001":40.426513671875,"acha_0001*atcha_0001":31.148157119750977,"_wandb":{"runtime":743},"atsa_0001*atsha_0001":6.476967811584473,"atcha_0001*atsha_0001":9.54220962524414,"_step":3414,"atca_0001*atsa_0001":10.453311920166016,"atsa_0001*asa_0001":19.58517837524414,"atsha_0001*asha_0001":8.871274948120117,"atsha_0001*acha_0001":21.642732620239258,"_timestamp":1.7703636208415012e+09,"aca_0001*atca_0001":31.3116455078125,"_runtime":743}