{"test_loss":2.263927773579955,"aca_0001*atsa_0001":0.06619768589735031,"atca_0001*atcha_0001":0.11370140314102173,"_step":3414,"atca_0001*asa_0001":0.03487025573849678,"asha_0001*atcha_0001":0.23538194596767426,"train_loss":0.03490808188915253,"epoch":201,"atsa_0001*atsha_0001":0.1668950766324997,"_timestamp":1.770176557870011e+09,"atsha_0001*acha_0001":0.19642019271850586,"aca_0001*atca_0001":0.10806360095739365,"atsha_0001*asha_0001":0.13388170301914215,"acha_0001*acha_0002":0.0391722097992897,"atsa_0001*asa_0001":0.15400300920009613,"_wandb":{"runtime":753},"acha_0001*asha_0001":0.06394806504249573,"atcha_0001*atsha_0001":0.10369511693716049,"acha_0001*atcha_0001":0.2972153127193451,"aca_0001*asa_0001":0.1132054552435875,"_runtime":753,"atca_0001*atsa_0001":0.15646347403526306}