{"aca_0001*asa_0001":0.08765685558319092,"acha_0001*acha_0002":0.010303197428584099,"test_loss":0.003191175001556985,"_wandb":{"runtime":765},"_runtime":765,"epoch":201,"_timestamp":1.7708928241018488e+09,"train_loss":0.0009378170678392053,"_step":1002,"atsha_0001*asha_0001":0.040043529123067856}