{"aca_0001*asa_0001":0.0774160623550415,"atsha_0001*asha_0001":0.0896441712975502,"atca_0001*asa_0001":0.10473106056451797,"_timestamp":1.7696113481801147e+09,"train_loss":0.0006951976824784652,"epoch":201,"aca_0001*atsa_0001":0.10467570275068283,"acha_0001*acha_0002":0.01910780556499958,"atsha_0001*acha_0001":0.09346074610948563,"_wandb":{"runtime":1537},"asha_0001*atcha_0001":0.13558973371982574,"_runtime":1537,"_step":3414,"aca_0001*atca_0001":0.11330768465995789,"atsa_0001*asa_0001":0.05299314111471176,"acha_0001*asha_0001":0.0796663835644722,"atsa_0001*atsha_0001":0.06706050038337708,"test_loss":0.0007753073895000852,"atca_0001*atsa_0001":0.06954345107078552,"acha_0001*atcha_0001":0.08148209005594254,"atcha_0001*atsha_0001":0.08340395241975784,"atca_0001*atcha_0001":0.056805338710546494}