{"_wandb":{"runtime":761},"acha_0001*acha_0002":0.0175840575248003,"epoch":201,"acha_0001*asha_0001":0.03443032130599022,"_step":1002,"test_loss":0.003249422601540573,"_runtime":761,"aca_0001*asa_0001":0.07938700914382935,"_timestamp":1.7708757434212515e+09,"train_loss":0.0009498008829541504}