{"acha_0001*acha_0002":0.022839874029159546,"acha_0001*asha_0001":0.04428040608763695,"_wandb":{"runtime":749},"aca_0001*atsa_0001":0.09125504642724991,"aca_0001*asa_0001":0.2634945809841156,"atca_0001*atcha_0001":0.060223113745450974,"asha_0001*atcha_0001":0.06516680121421814,"atcha_0001*atsha_0001":0.11997418850660324,"_timestamp":1.7701758017247005e+09,"atsha_0001*acha_0001":0.036851488053798676,"_step":3414,"atca_0001*asa_0001":0.11351672559976578,"atsa_0001*atsha_0001":0.047821659594774246,"test_loss":3.3688801470026375,"_runtime":749,"atsa_0001*asa_0001":0.17877230048179626,"epoch":201,"atsha_0001*asha_0001":0.06616166234016418,"train_loss":0.0350919082313776,"acha_0001*atcha_0001":0.1066422313451767,"atca_0001*atsa_0001":0.06791147589683533,"aca_0001*atca_0001":0.15240633487701416}