{"aca_0001*asa_0001":0.8195277452468872,"atsa_0001*asa_0001":0.9955195784568787,"atca_0001*atsa_0001":0.8722954988479614,"atca_0001*atcha_0001":0.9782910346984863,"atcha_0001*atsha_0001":0.9521434307098389,"_step":14,"acha_0001*asha_0001":0.9294527769088745,"atsa_0001*atsha_0001":0.9081907272338867,"_runtime":6,"acha_0001*acha_0002":0.9987863302230835,"atca_0001*asa_0001":0.8305831551551819,"asha_0001*atcha_0001":0.9059696197509766,"_timestamp":1.766419856644902e+09,"_wandb":{"runtime":6},"aca_0001*atsa_0001":0.8617011904716492,"atsha_0001*asha_0001":0.9876865744590759,"aca_0001*atca_0001":0.9988874197006226,"epoch":0,"atsha_0001*acha_0001":0.9691314697265625,"acha_0001*atcha_0001":0.9978269338607788}