{"atca_0001*asa_0001":0.2694374620914459,"asha_0001*atcha_0001":0.0853249654173851,"_runtime":768,"atca_0001*atsa_0001":0.06810079514980316,"acha_0001*atcha_0001":0.1712329387664795,"atsha_0001*acha_0001":0.0791497752070427,"aca_0001*atca_0001":0.07224582880735397,"atsa_0001*atsha_0001":0.048396531492471695,"acha_0001*asha_0001":0.10623905062675476,"epoch":201,"atsha_0001*asha_0001":0.028066616505384445,"atcha_0001*atsha_0001":0.10230161994695663,"train_loss":0.036354213148355484,"aca_0001*asa_0001":0.3391358554363251,"test_loss":3.2292810616344214,"_timestamp":1.7701968396181676e+09,"acha_0001*acha_0002":0.008843149989843369,"_step":3414,"atsa_0001*asa_0001":0.3362155854701996,"_wandb":{"runtime":768},"aca_0001*atsa_0001":0.032033633440732956,"atca_0001*atcha_0001":0.07685118913650513}