{"acha_0001*asha_0001":7.7391486167907715,"atsha_0001*acha_0001":11.526544570922852,"train_loss":0.0010468713256996125,"_wandb":{"runtime":784},"atca_0001*atsa_0001":2.9923813343048096,"atcha_0001*atsha_0001":1.5444365739822388,"aca_0001*atsa_0001":10.15865707397461,"test_loss":0.022657277473132127,"atsa_0001*asa_0001":14.950871467590332,"aca_0001*asa_0001":25.038541793823242,"atsha_0001*asha_0001":3.7908401489257812,"atsa_0001*atsha_0001":5.162324905395508,"atca_0001*asa_0001":11.970654487609863,"_step":3414,"acha_0001*acha_0002":0.4766625463962555,"acha_0001*atcha_0001":13.01427173614502,"atca_0001*atcha_0001":3.679849147796631,"aca_0001*atca_0001":13.123479843139648,"_timestamp":1.7703636861618412e+09,"_runtime":784,"epoch":201,"asha_0001*atcha_0001":5.284730434417725}