{"atca_0001*atcha_0001":0.05959432199597359,"test_loss":2.7154033654257654,"atca_0001*asa_0001":0.0340258814394474,"acha_0001*asha_0001":0.05617569014430046,"atsha_0001*asha_0001":0.09174491465091705,"aca_0001*atca_0001":0.1137181743979454,"aca_0001*asa_0001":0.13355720043182373,"_runtime":755,"atca_0001*atsa_0001":0.05901540815830231,"atsa_0001*asa_0001":0.08328881859779358,"atsha_0001*acha_0001":0.06428273767232895,"epoch":201,"_step":3414,"acha_0001*atcha_0001":0.04242149740457535,"atsa_0001*atsha_0001":0.08082492649555206,"_timestamp":1.770177315705748e+09,"asha_0001*atcha_0001":0.03176456317305565,"aca_0001*atsa_0001":0.06791147589683533,"_wandb":{"runtime":755},"train_loss":0.03385565564036369,"acha_0001*acha_0002":0.036238234490156174,"atcha_0001*atsha_0001":0.08451639115810394}