{"_runtime":748,"_step":3414,"atsa_0001*asa_0001":0.18181905150413513,"acha_0001*acha_0002":0.03829818591475487,"aca_0001*atsa_0001":0.0746990516781807,"train_loss":0.062323370337486264,"_wandb":{"runtime":748},"atsa_0001*atsha_0001":0.0961703360080719,"atsha_0001*acha_0001":0.04438796266913414,"atsha_0001*asha_0001":0.016829773783683777,"aca_0001*asa_0001":0.12274812161922455,"atca_0001*asa_0001":0.04908137395977974,"acha_0001*atcha_0001":0.10701271146535873,"atca_0001*atcha_0001":0.07630947232246399,"atcha_0001*atsha_0001":0.11478660255670547,"asha_0001*atcha_0001":0.1181640625,"_timestamp":1.7702757606377122e+09,"acha_0001*asha_0001":0.03204851225018501,"aca_0001*atca_0001":0.07957036793231964,"test_loss":2.5098871838226913,"epoch":201,"atca_0001*atsa_0001":0.13411299884319305}