{"aca_0001*asa_0001":19.565113067626953,"atsha_0001*acha_0001":3.156954050064087,"epoch":201,"aca_0001*atca_0001":8.793612480163574,"atca_0001*atcha_0001":0.8433837294578552,"test_loss":2.4056402859725057,"aca_0001*atsa_0001":9.207009315490723,"atsha_0001*asha_0001":3.77034592628479,"atca_0001*asa_0001":10.88412857055664,"atsa_0001*atsha_0001":1.4297689199447632,"_runtime":727,"asha_0001*atcha_0001":3.656026601791382,"_timestamp":1.770785957810239e+09,"atca_0001*atsa_0001":0.5315514802932739,"_wandb":{"runtime":727},"_step":3414,"atcha_0001*atsha_0001":0.6743374466896057,"acha_0001*asha_0001":6.790379524230957,"train_loss":0.017752984553575515,"atsa_0001*asa_0001":10.465484619140625,"acha_0001*acha_0002":0.3231462836265564,"acha_0001*atcha_0001":3.1346590518951416}