{"test_loss":0.004383092598058283,"_runtime":766,"epoch":201,"aca_0001*asa_0001":0.09350617974996567,"_step":1002,"acha_0001*acha_0002":0.035360801964998245,"_wandb":{"runtime":766},"atsha_0001*asha_0001":0.016260571777820587,"_timestamp":1.7708935936114173e+09,"train_loss":0.0009412715048529208}