{"asha_0001*atcha_0001":0.022222496569156647,"acha_0001*asha_0001":0.03085506707429886,"test_loss":0.0027476633994374423,"atsha_0001*acha_0001":0.04520583525300026,"atcha_0001*atsha_0001":0.02813197672367096,"aca_0001*asa_0001":0.05229299142956734,"atca_0001*atsa_0001":0.016828224062919617,"atsha_0001*asha_0001":0.016767458990216255,"aca_0001*atsa_0001":0.0391797199845314,"atca_0001*atcha_0001":0.021664127707481384,"_runtime":774,"epoch":201,"atsa_0001*atsha_0001":0.0191660113632679,"acha_0001*acha_0002":0.013269498012959957,"train_loss":0.0009068536960985512,"acha_0001*atcha_0001":0.02389087900519371,"_wandb":{"runtime":774},"_step":3414,"atsa_0001*asa_0001":0.0314357727766037,"_timestamp":1.7702758668157496e+09,"aca_0001*atca_0001":0.04577457532286644,"atca_0001*asa_0001":0.01967340148985386}