{"atsha_0001*asha_0001":0.014996277168393135,"train_loss":0.0008474041405133903,"_runtime":1100,"epoch":301,"acha_0001*acha_0002":0.011965381912887096,"_step":1502,"_wandb":{"runtime":1100},"aca_0001*asa_0001":0.0269617922604084,"test_loss":0.004310948657337576,"_timestamp":1.7709622205326955e+09}