{"atca_0001*atcha_0001":5.45015811920166,"atca_0001*asa_0001":11.129399299621582,"test_loss":12.794927505207365,"acha_0001*asha_0001":14.353448867797852,"aca_0001*atca_0001":24.996614456176758,"_step":3414,"aca_0001*atsa_0001":17.086925506591797,"atcha_0001*atsha_0001":6.342373847961426,"_timestamp":1.7707837699449866e+09,"acha_0001*atcha_0001":14.96849536895752,"acha_0001*acha_0002":0.20651468634605408,"atsa_0001*asa_0001":19.014707565307617,"atsha_0001*acha_0001":21.25166130065918,"atsa_0001*atsha_0001":8.786589622497559,"atsha_0001*asha_0001":7.0199737548828125,"train_loss":0.0007188339194981381,"_wandb":{"runtime":833},"epoch":201,"asha_0001*atcha_0001":0.7475546002388,"aca_0001*asa_0001":36.046592712402344,"_runtime":833,"atca_0001*atsa_0001":7.915180683135986}