{"aca_0001*atsa_0001":15.283674240112305,"atcha_0001*atsha_0001":19.076885223388672,"acha_0001*atcha_0001":1.1796551942825317,"atsa_0001*asa_0001":1.0962200164794922,"acha_0001*acha_0002":1.4019356966018677,"aca_0001*asa_0001":14.492473602294922,"acha_0001*asha_0001":16.42559814453125,"atca_0001*atsa_0001":5.678943157196045,"atsha_0001*asha_0001":2.879228115081787,"atca_0001*atcha_0001":12.02287483215332,"atsha_0001*acha_0001":18.49489402770996,"train_loss":1.0505233158486504e-08,"atsa_0001*atsha_0001":2.38039231300354,"atca_0001*asa_0001":5.274468898773193,"_runtime":1841,"_timestamp":1.76767342085075e+09,"epoch":201,"asha_0001*atcha_0001":17.10425567626953,"_wandb":{"runtime":1841},"aca_0001*atca_0001":10.279250144958496,"test_loss":10.26764141511917,"_step":3414}