{"_timestamp":1.7707867526287882e+09,"atca_0001*atsa_0001":2.3916380405426025,"acha_0001*atcha_0001":1.26102614402771,"asha_0001*atcha_0001":2.9673092365264893,"_wandb":{"runtime":741},"atcha_0001*atsha_0001":1.1140074729919434,"epoch":201,"atsa_0001*asa_0001":12.455513954162598,"_step":3414,"aca_0001*asa_0001":17.42290496826172,"test_loss":0.012213938611443155,"acha_0001*asha_0001":4.145496845245361,"atca_0001*asa_0001":10.14683723449707,"atca_0001*atcha_0001":1.6921480894088745,"atsha_0001*acha_0001":0.20961317420005798,"train_loss":0.0010347414892166852,"acha_0001*acha_0002":0.5706067085266113,"atsha_0001*asha_0001":4.006419658660889,"aca_0001*atsa_0001":5.203946590423584,"atsa_0001*atsha_0001":0.40211614966392517,"aca_0001*atca_0001":7.5825629234313965,"_runtime":741}