{"asha_0001*atcha_0001":0.4431958794593811,"_wandb":{"runtime":1491},"atcha_0001*atsha_0001":0.9442253708839417,"atsa_0001*atsha_0001":0.36055925488471985,"aca_0001*atca_0001":1.2863445281982422,"atca_0001*atcha_0001":0.5360572338104248,"test_loss":10.148989078867947,"atsa_0001*asa_0001":0.5859081745147705,"atsha_0001*asha_0001":0.7942821979522705,"atsha_0001*acha_0001":1.467973232269287,"atca_0001*atsa_0001":0.09399382025003433,"_runtime":1491,"_step":3414,"acha_0001*asha_0001":0.7046492099761963,"acha_0001*acha_0002":0.24307580292224884,"atca_0001*asa_0001":0.5320858955383301,"aca_0001*atsa_0001":1.3511362075805664,"train_loss":0.0063276213468052445,"_timestamp":1.7696111555929413e+09,"acha_0001*atcha_0001":0.6295806765556335,"epoch":201,"aca_0001*asa_0001":0.7714176177978516}