{"_wandb":{"runtime":720},"_step":1002,"_runtime":720,"epoch":201,"train_loss":0.00824238540045917,"acha_0001*asha_0001":17.08513069152832,"test_loss":2.5906850200509655,"_timestamp":1.7708785521475205e+09,"aca_0001*asa_0001":30.531023025512695,"acha_0001*acha_0002":1.3772979974746704}