{"atsa_0001*atsha_0001":0.07903522253036499,"aca_0001*asa_0001":0.13627858459949493,"atca_0001*atcha_0001":0.05670793354511261,"atcha_0001*atsha_0001":0.0783991739153862,"_timestamp":1.7701944666711428e+09,"_wandb":{"runtime":815},"epoch":201,"_step":3414,"atca_0001*atsa_0001":0.06049172207713127,"test_loss":2.7154372304454446,"acha_0001*acha_0002":0.036093201488256454,"atsa_0001*asa_0001":0.08501704037189484,"aca_0001*atca_0001":0.11614937335252762,"asha_0001*atcha_0001":0.03272577375173569,"train_loss":0.033876409277319906,"acha_0001*asha_0001":0.055492471903562546,"acha_0001*atcha_0001":0.03822340816259384,"atsha_0001*asha_0001":0.09059426933526993,"_runtime":815,"atca_0001*asa_0001":0.03385729715228081,"atsha_0001*acha_0001":0.0635516420006752,"aca_0001*atsa_0001":0.06822670996189117}