{"acha_0001*atcha_0001":0.2043607234954834,"_step":3414,"aca_0001*atsa_0001":0.08652916550636292,"epoch":201,"atsha_0001*acha_0001":0.1411563605070114,"train_loss":0.023257368691265583,"atsa_0001*atsha_0001":0.13711577653884888,"atca_0001*atsa_0001":0.13252496719360352,"aca_0001*asa_0001":0.07910759001970291,"test_loss":2.957624800235033,"_timestamp":1.770274260014282e+09,"_runtime":745,"atsa_0001*asa_0001":0.13375341892242432,"acha_0001*asha_0001":0.036277685314416885,"asha_0001*atcha_0001":0.17228510975837708,"atsha_0001*asha_0001":0.10846880078315735,"atca_0001*asa_0001":0.030897054821252823,"aca_0001*atca_0001":0.06534217298030853,"acha_0001*acha_0002":0.047229696065187454,"atca_0001*atcha_0001":0.07050889730453491,"atcha_0001*atsha_0001":0.06688562035560608,"_wandb":{"runtime":745}}