{"atsha_0001*asha_0001":0.08596523851156235,"aca_0001*atsa_0001":0.06586550176143646,"_wandb":{"runtime":761},"test_loss":2.883215194404125,"_runtime":761,"asha_0001*atcha_0001":0.0463532991707325,"aca_0001*asa_0001":0.09591712802648544,"acha_0001*atcha_0001":0.060798369348049164,"atca_0001*asa_0001":0.03206338733434677,"train_loss":0.09031095254421234,"epoch":201,"atca_0001*atsa_0001":0.05235322192311287,"atca_0001*atcha_0001":0.04283537715673447,"acha_0001*asha_0001":0.09951838105916977,"_step":3414,"atsha_0001*acha_0001":0.059881679713726044,"atsa_0001*atsha_0001":0.0669497549533844,"aca_0001*atca_0001":0.07871481776237488,"acha_0001*acha_0002":0.02235453762114048,"atcha_0001*atsha_0001":0.05722689628601074,"_timestamp":1.7702750414437358e+09,"atsa_0001*asa_0001":0.07197470963001251}