{"acha_0001*asha_0001":0.05058308690786362,"_wandb":{"runtime":829},"epoch":201,"test_loss":0.0037437880786601453,"_timestamp":1.7708749795215328e+09,"_step":1002,"train_loss":0.0009266669123899192,"acha_0001*acha_0002":0.023857174441218376,"_runtime":829,"aca_0001*asa_0001":0.10680112987756729}