{"_runtime":721,"train_loss":0.0017071800353005528,"epoch":201,"test_loss":5.166366981457453,"aca_0001*asa_0001":26.58210563659668,"acha_0001*acha_0002":0.45774850249290466,"_step":1002,"acha_0001*asha_0001":13.320348739624023,"_wandb":{"runtime":721},"_timestamp":1.7708771072915986e+09}