{"aca_0001*asa_0001":0.09220115095376968,"_timestamp":1.7708927807286518e+09,"_wandb":{"runtime":755},"_step":1002,"train_loss":0.03468313837051391,"epoch":201,"atsha_0001*asha_0001":0.05198762193322182,"_runtime":755,"acha_0001*acha_0002":0.0078125,"test_loss":3.5136145916730164}