{"atcha_0001*atsha_0001":0.1381160169839859,"train_loss":0.0006635053287027404,"aca_0001*asa_0001":0.06244382634758949,"_wandb":{"runtime":1676},"atsha_0001*asha_0001":0.05039212852716446,"atsa_0001*asa_0001":0.06538981944322586,"atsa_0001*atsha_0001":0.060162708163261414,"epoch":201,"acha_0001*acha_0002":0.02987208031117916,"atca_0001*asa_0001":0.0781223326921463,"_runtime":1676,"test_loss":0.0011694599817274139,"asha_0001*atcha_0001":0.157256081700325,"atca_0001*atsa_0001":0.09070932865142822,"atca_0001*atcha_0001":0.0922655388712883,"acha_0001*atcha_0001":0.09474536031484604,"_timestamp":1.76961312445839e+09,"_step":3414,"acha_0001*asha_0001":0.07840792089700699,"aca_0001*atca_0001":0.12121839821338654,"aca_0001*atsa_0001":0.07665111869573593,"atsha_0001*acha_0001":0.08029592037200928}