{"acha_0001*acha_0002":0.5698976516723633,"atca_0001*asa_0001":10.144969940185547,"aca_0001*atca_0001":7.588788986206055,"acha_0001*atcha_0001":1.2571754455566406,"test_loss":0.012202885182807223,"asha_0001*atcha_0001":2.9704880714416504,"atsa_0001*asa_0001":12.457812309265137,"atsha_0001*asha_0001":4.000954627990723,"_timestamp":1.770786705071762e+09,"aca_0001*atsa_0001":5.206023216247559,"epoch":201,"acha_0001*asha_0001":4.145586967468262,"train_loss":0.0010345651598181575,"_step":3414,"atsa_0001*atsha_0001":0.39830344915390015,"aca_0001*asa_0001":17.42704200744629,"atsha_0001*acha_0001":0.2127741277217865,"_wandb":{"runtime":729},"atcha_0001*atsha_0001":1.1052824258804321,"_runtime":729,"atca_0001*atcha_0001":1.6999751329421997,"atca_0001*atsa_0001":2.3958611488342285}