{"acha_0001*asha_0001":0.057018205523490906,"acha_0001*acha_0002":0.034788113087415695,"train_loss":0.10740566655993461,"test_loss":1.549547760978341,"aca_0001*asa_0001":0.10686556994915009,"_wandb":{"runtime":785},"epoch":201,"_timestamp":1.7708749608520267e+09,"_step":1002,"_runtime":785}