{"aca_0001*asa_0001":16.944997787475586,"acha_0001*asha_0001":4.451442718505859,"acha_0001*atcha_0001":10.862798690795898,"_timestamp":1.7703621636802118e+09,"_wandb":{"runtime":733},"_step":3414,"atsha_0001*asha_0001":0.5950848460197449,"atsha_0001*acha_0001":3.9341623783111572,"atsa_0001*atsha_0001":1.0774171352386475,"atca_0001*asa_0001":2.5236220359802246,"test_loss":0.015506853093742393,"aca_0001*atca_0001":14.433287620544434,"_runtime":733,"acha_0001*acha_0002":0.5903382897377014,"atca_0001*atcha_0001":3.173058271408081,"atsa_0001*asa_0001":7.471104145050049,"atca_0001*atsa_0001":4.9484405517578125,"atcha_0001*atsha_0001":6.959778785705566,"epoch":201,"train_loss":0.0010116294021718204,"aca_0001*atsa_0001":9.536331176757812,"asha_0001*atcha_0001":6.509862422943115}