{"test_loss":2.0800637850910424,"atca_0001*atsa_0001":0.06057049706578255,"aca_0001*atsa_0001":0.14448174834251404,"_timestamp":1.7702735122429712e+09,"aca_0001*asa_0001":0.3026036024093628,"train_loss":0.04969171340763569,"acha_0001*acha_0002":0.02679770067334175,"_step":3414,"atsha_0001*acha_0001":0.05755922570824623,"acha_0001*atcha_0001":0.13815511763095856,"acha_0001*asha_0001":0.05619266629219055,"_runtime":848,"asha_0001*atcha_0001":0.08584312349557877,"atsha_0001*asha_0001":0.029797160997986794,"atca_0001*atcha_0001":0.08981721103191376,"aca_0001*atca_0001":0.19494105875492096,"atcha_0001*atsha_0001":0.09540370851755142,"epoch":201,"atsa_0001*atsha_0001":0.06294094771146774,"atca_0001*asa_0001":0.11178548634052277,"atsa_0001*asa_0001":0.1708398312330246,"_wandb":{"runtime":848}}