{"aca_0001*atca_0001":0.030275283381342888,"epoch":201,"_step":3414,"_timestamp":1.770277490692432e+09,"atsha_0001*asha_0001":0.013905839063227177,"aca_0001*atsa_0001":0.028362900018692017,"atca_0001*asa_0001":0.033509913831949234,"acha_0001*acha_0002":0.01157674565911293,"atsa_0001*atsha_0001":0.014824884943664074,"_wandb":{"runtime":842},"atsha_0001*acha_0001":0.028521904721856117,"train_loss":0.0009246903138700873,"atcha_0001*atsha_0001":0.04694917052984238,"acha_0001*atcha_0001":0.053822003304958344,"atca_0001*atsa_0001":0.007867145352065563,"test_loss":0.0042200656888308,"atsa_0001*asa_0001":0.038746509701013565,"atca_0001*atcha_0001":0.03858126699924469,"_runtime":842,"asha_0001*atcha_0001":0.047448936849832535,"acha_0001*asha_0001":0.03952091187238693,"aca_0001*asa_0001":0.06133738532662392}